,source,target,numVisited,pathLength,uniqueVisited,performance
0,1580034748.0,1580034964.0,7,7,7,0.0
1,1580034899.0,1580035065.0,2,2,2,0.0
2,1580034899.0,1580034945.0,4,4,4,0.0
3,444336009.0,1580034945.0,27,10,23,0.6296296296296297
4,1580034744.0,1580034875.0,3,3,3,0.0
5,1580035160.0,3249304308.0,51,12,41,0.7647058823529411
6,1580034879.0,6051095782.0,50,15,42,0.7
7,444336014.0,1580035728.0,60,5,50,0.9166666666666666
8,1580034994.0,3994361361.0,2,2,2,0.0
9,1580034773.0,1580035198.0,52,13,40,0.75
10,1580034737.0,6051095782.0,49,15,42,0.6938775510204082
11,1580034918.0,3249304311.0,56,15,46,0.7321428571428572
12,444336013.0,1580034905.0,21,8,18,0.6190476190476191
13,1580034884.0,1580034964.0,4,4,4,0.0
14,1580034900.0,1580035728.0,63,10,51,0.8412698412698413
15,1580034744.0,1580034879.0,7,6,7,0.1428571428571429
16,1580034888.0,1580035160.0,7,5,6,0.2857142857142857
17,1580034694.0,6051095781.0,51,15,40,0.7058823529411764
18,1580035065.0,3249304311.0,39,4,31,0.8974358974358975
19,1344566969.0,1580034817.0,5,4,5,0.19999999999999996
20,1580034905.0,1580034918.0,59,5,48,0.9152542372881356
21,1580034879.0,3249304309.0,37,13,31,0.6486486486486487
22,1580034920.0,1580035198.0,46,10,38,0.782608695652174
23,1580034896.0,3249304311.0,56,11,43,0.8035714285714286
24,444336009.0,1344566973.0,11,8,11,0.2727272727272727
25,1580034964.0,1580035061.0,17,6,16,0.6470588235294117
26,1580035240.0,3249304311.0,43,5,37,0.8837209302325582
27,444336013.0,1580035175.0,24,9,21,0.625
28,444336013.0,1580034888.0,26,9,22,0.6538461538461539
29,1580034964.0,1580035065.0,18,7,16,0.6111111111111112
30,1580034994.0,6051095782.0,35,8,30,0.7714285714285715
31,1580034694.0,1580034884.0,5,5,5,0.0
32,1580034967.0,3249304311.0,50,11,43,0.78
33,1344566973.0,1580035175.0,7,3,6,0.5714285714285714
34,444336014.0,1580034884.0,22,8,19,0.6363636363636364
35,444336013.0,1580034886.0,34,10,28,0.7058823529411764
36,1580034900.0,3994361361.0,6,6,6,0.0
37,444336013.0,1580035021.0,5,5,5,0.0
38,1580034899.0,1580035160.0,13,9,13,0.3076923076923077
39,1580034817.0,1580034875.0,5,4,5,0.19999999999999996
40,1580034994.0,1580035031.0,5,4,5,0.19999999999999996
41,1344566966.0,1580035284.0,39,5,33,0.8717948717948718
42,1580034945.0,6051095781.0,25,5,22,0.8
43,1580034527.0,3249304311.0,51,15,45,0.7058823529411764
44,1580034773.0,1580035065.0,42,11,30,0.7380952380952381
45,3249304309.0,3994361363.0,7,7,7,0.0
46,1580034905.0,1580035031.0,3,3,3,0.0
47,1580034744.0,1580034913.0,9,9,9,0.0
48,1580034694.0,1580035137.0,23,7,19,0.6956521739130435
49,1580034875.0,1580034883.0,2,2,2,0.0
50,1344566969.0,1580034913.0,20,8,18,0.6
51,444336014.0,1580035350.0,2,2,2,0.0
52,1580035042.0,1580035061.0,2,2,2,0.0
53,1580034527.0,1580034748.0,4,4,4,0.0
54,1580034748.0,1580034920.0,6,6,6,0.0
55,1580034899.0,3994361363.0,7,7,7,0.0
56,3249304309.0,3994361361.0,6,6,6,0.0
57,1580034737.0,1580035160.0,29,10,25,0.6551724137931034
58,1580034945.0,1580034967.0,9,7,9,0.2222222222222222
59,1344566974.0,1580034899.0,9,7,8,0.2222222222222222
60,1580034899.0,1580035175.0,24,11,22,0.5416666666666667
61,444336014.0,1580034900.0,18,7,17,0.6111111111111112
62,1580034817.0,3249304309.0,45,13,33,0.7111111111111111
63,444336009.0,1580035065.0,17,10,17,0.4117647058823529
64,444336013.0,1580034694.0,44,12,38,0.7272727272727273
65,444336014.0,1580034744.0,46,9,37,0.8043478260869565
66,1580034888.0,1580035031.0,4,4,4,0.0
67,1580034886.0,1580035042.0,28,10,23,0.6428571428571428
68,1580035175.0,1580035688.0,4,3,4,0.25
69,1580034748.0,3994361361.0,10,10,10,0.0
70,1580035240.0,1580035350.0,2,2,2,0.0
71,1580034744.0,1580034886.0,12,7,12,0.41666666666666663
72,1580034744.0,3249304308.0,51,14,43,0.7254901960784313
73,1580034737.0,1580035175.0,39,9,32,0.7692307692307692
74,1344566973.0,6051095782.0,51,12,41,0.7647058823529411
75,1344566974.0,1580035137.0,24,6,22,0.75
76,444336013.0,1580034527.0,49,10,44,0.7959183673469388
77,1580034884.0,6051095782.0,47,14,41,0.7021276595744681
78,1580034694.0,1580034918.0,58,8,48,0.8620689655172413
79,1344566966.0,1580034994.0,8,6,8,0.25
80,1580034888.0,1580034920.0,8,6,8,0.25
81,444336009.0,444336014.0,23,8,19,0.6521739130434783
82,444336013.0,6051095782.0,32,7,29,0.78125
83,1580034905.0,1580034945.0,34,10,26,0.7058823529411764
84,1344566969.0,1580035284.0,44,6,39,0.8636363636363636
85,444336014.0,6051095781.0,27,6,24,0.7777777777777778
86,1580035728.0,3994361363.0,8,8,8,0.0
87,1580034748.0,1580035198.0,51,13,40,0.7450980392156863
88,1344566969.0,1580034875.0,18,7,17,0.6111111111111112
89,1580034905.0,1580035061.0,29,9,23,0.6896551724137931
90,1580034773.0,1580034883.0,2,2,2,0.0
91,444336013.0,1580034913.0,8,5,7,0.375
92,1580034748.0,1580034884.0,4,4,4,0.0
93,1344566973.0,1580034773.0,27,8,24,0.7037037037037037
94,1580035198.0,1580035728.0,60,6,50,0.9
95,1580034879.0,1580035728.0,59,9,50,0.847457627118644
96,1580034737.0,1580035031.0,11,11,11,0.0
97,1580034527.0,1580034896.0,9,5,9,0.4444444444444444
98,1580034879.0,1580034918.0,55,6,47,0.8909090909090909
99,1580034888.0,1580035728.0,60,8,50,0.8666666666666667
100,1580035031.0,1580035198.0,44,10,37,0.7727272727272727
101,1580034964.0,3249304308.0,50,10,41,0.8
102,1580034737.0,1580035198.0,50,14,40,0.72
103,1344566966.0,3994361361.0,6,5,6,0.16666666666666663
104,1580034884.0,1580035728.0,62,11,51,0.8225806451612903
105,1580034744.0,1580035350.0,41,10,34,0.7560975609756098
106,1580034896.0,6051095781.0,39,10,34,0.7435897435897436
107,1580034883.0,1580035350.0,36,9,31,0.75
108,444336013.0,1580035688.0,35,5,30,0.8571428571428572
109,1580034945.0,1580035065.0,3,3,3,0.0
110,1580035198.0,6051095781.0,3,3,3,0.0
111,1580035160.0,1580035284.0,11,4,10,0.6363636363636364
112,1580034964.0,1580035160.0,9,5,8,0.4444444444444444
113,444336013.0,1580034817.0,35,11,30,0.6857142857142857
114,1580035061.0,3994361361.0,4,4,4,0.0
115,1580034817.0,3249304308.0,55,15,43,0.7272727272727273
116,1344566966.0,1580034913.0,12,6,11,0.5
117,1580034964.0,1580035350.0,27,6,25,0.7777777777777778
118,1580034527.0,1580034744.0,2,2,2,0.0
119,1580034737.0,1580035061.0,31,11,27,0.6451612903225806
120,1580034883.0,1580035031.0,9,8,8,0.11111111111111116
121,444336009.0,6051095782.0,54,13,41,0.7592592592592593
122,1580035021.0,6051095782.0,45,10,39,0.7777777777777778
123,444336014.0,1580034913.0,8,5,8,0.375
124,3249304308.0,3249304309.0,3,3,3,0.0
125,1580034920.0,1580035160.0,15,6,13,0.6
126,1580035728.0,6051095782.0,50,11,43,0.78
127,1580034875.0,1580035137.0,32,10,28,0.6875
128,1580034920.0,6051095781.0,45,10,38,0.7777777777777778
129,444336013.0,3249304309.0,5,5,5,0.0
130,1344566969.0,1580034694.0,3,3,3,0.0
131,1580034875.0,1580034905.0,9,5,9,0.4444444444444444
132,1580034694.0,1580035175.0,20,7,18,0.65
133,1580035284.0,6051095781.0,4,4,4,0.0
134,1580034817.0,1580035240.0,42,8,33,0.8095238095238095
135,1580034817.0,1580034905.0,4,4,4,0.0
136,1580034905.0,1580035688.0,41,6,34,0.8536585365853658
137,1580034886.0,6051095782.0,50,15,42,0.7
138,444336009.0,1580034744.0,2,2,2,0.0
139,1580034875.0,6051095782.0,47,12,40,0.7446808510638299
140,1344566974.0,3994361361.0,3,3,3,0.0
141,1344566969.0,6051095782.0,51,14,42,0.7254901960784313
142,1580034899.0,1580035021.0,7,7,7,0.0
143,1344566974.0,1580035065.0,8,6,8,0.25
144,1580034964.0,1580035284.0,43,7,36,0.8372093023255813
145,1580034964.0,1580035042.0,14,5,13,0.6428571428571428
146,1344566966.0,1580034883.0,30,8,26,0.7333333333333334
147,444336014.0,3249304311.0,43,7,34,0.8372093023255813
148,1580034737.0,1580034744.0,7,4,7,0.4285714285714286
149,444336009.0,1580034913.0,5,4,5,0.19999999999999996
150,1580034888.0,1580034967.0,4,4,4,0.0
151,1580034879.0,1580034900.0,4,4,4,0.0
152,1580034945.0,3249304311.0,39,6,31,0.8461538461538461
153,1344566974.0,1580034920.0,4,3,4,0.25
154,1580034896.0,1580035021.0,6,6,6,0.0
155,1344566973.0,1580034744.0,44,9,36,0.7954545454545454
156,1580034527.0,1580035061.0,26,11,25,0.5769230769230769
157,1344566966.0,1580035137.0,2,2,2,0.0
158,1580034920.0,1580035350.0,32,7,27,0.78125
159,1580034884.0,1580034994.0,10,8,9,0.19999999999999996
160,1344566966.0,1580035350.0,33,4,29,0.8787878787878788
161,1580034527.0,1580035160.0,31,12,28,0.6129032258064516
162,1580035240.0,6051095782.0,49,9,40,0.8163265306122449
163,1344566969.0,1580035175.0,3,3,3,0.0
164,1580035284.0,3249304309.0,3,3,3,0.0
165,1580034900.0,1580035061.0,22,8,19,0.6363636363636364
166,1580034884.0,1580035065.0,30,11,23,0.6333333333333333
167,1580034920.0,1580035688.0,41,8,38,0.8048780487804879
168,1580034918.0,3994361361.0,8,7,8,0.125
169,1580035137.0,3994361361.0,7,6,7,0.1428571428571429
170,1580034748.0,3249304308.0,52,14,43,0.7307692307692308
171,1344566966.0,1344566973.0,2,2,2,0.0
172,1344566969.0,1580034994.0,9,7,9,0.2222222222222222
173,1580034875.0,1580035061.0,18,8,15,0.5555555555555556
174,1580034875.0,1580034994.0,11,5,11,0.5454545454545454
175,1580034817.0,1580035160.0,8,7,8,0.125
176,444336014.0,3249304308.0,40,7,33,0.825
177,1344566966.0,6051095781.0,42,12,37,0.7142857142857143
178,1580034896.0,1580034920.0,3,3,3,0.0
179,1580034896.0,1580035198.0,44,10,35,0.7727272727272727
180,1580035031.0,3249304311.0,50,11,43,0.78
181,1344566973.0,1580035688.0,41,5,32,0.8780487804878049
182,1580034527.0,1580035021.0,12,12,12,0.0
183,1580034694.0,1580034773.0,3,3,3,0.0
184,3249304311.0,3994361363.0,9,9,9,0.0
185,444336014.0,1580034817.0,39,11,33,0.717948717948718
186,1580034883.0,1580034899.0,33,11,28,0.6666666666666667
187,444336013.0,1344566973.0,13,7,12,0.46153846153846156
188,1580034920.0,1580034964.0,2,2,2,0.0
189,1580035284.0,3994361361.0,8,8,8,0.0
190,1580034967.0,1580035021.0,2,2,2,0.0
191,1580035031.0,1580035042.0,13,6,12,0.5384615384615384
192,1580035175.0,1580035284.0,8,4,7,0.5
193,1580034883.0,1580035175.0,33,9,25,0.7272727272727273
194,1344566966.0,1580034694.0,13,4,12,0.6923076923076923
195,1580034527.0,6051095781.0,45,14,39,0.6888888888888889
196,1580034737.0,1580034748.0,2,2,2,0.0
197,1580034744.0,6051095782.0,54,14,42,0.7407407407407407
198,1580034899.0,3249304308.0,35,5,30,0.8571428571428572
199,1580034527.0,1580034913.0,10,10,10,0.0
200,1344566969.0,1580034737.0,28,7,25,0.75
201,1580035175.0,6051095781.0,41,12,36,0.7073170731707317
202,1580034913.0,1580035137.0,29,7,25,0.7586206896551724
203,1580034527.0,1580035728.0,61,15,52,0.7540983606557377
204,1580034748.0,1580034913.0,7,7,7,0.0
205,1580035688.0,3994361361.0,6,6,6,0.0
206,1580034886.0,6051095781.0,51,14,41,0.7254901960784313
207,1580034920.0,1580035728.0,61,9,51,0.8524590163934427
208,1580035021.0,3249304309.0,19,8,17,0.5789473684210527
209,1344566969.0,1580034748.0,22,6,21,0.7272727272727273
210,1344566973.0,1580035240.0,20,4,17,0.8
211,1580034899.0,1580035031.0,9,8,9,0.11111111111111116
212,1580034875.0,3249304308.0,53,12,42,0.7735849056603774
213,1580035350.0,1580035728.0,53,4,47,0.9245283018867925
214,1580034886.0,3994361363.0,8,8,8,0.0
215,1580034694.0,1580034994.0,12,10,12,0.16666666666666663
216,1580034527.0,1580035350.0,41,11,35,0.7317073170731707
217,1580034905.0,1580035137.0,9,4,8,0.5555555555555556
218,1580034896.0,1580035350.0,28,7,23,0.75
219,1580035065.0,1580035198.0,25,3,21,0.88
220,1580034744.0,1580034748.0,3,3,3,0.0
221,1580034883.0,1580035198.0,51,12,39,0.7647058823529411
222,444336014.0,1580034964.0,11,5,11,0.5454545454545454
223,1580034817.0,1580034964.0,8,7,8,0.125
224,1580034879.0,1580034994.0,10,8,10,0.19999999999999996
225,1580034883.0,1580034913.0,6,5,5,0.16666666666666663
226,1580034737.0,1580034879.0,6,5,6,0.16666666666666663
227,1580034744.0,1580034773.0,6,4,5,0.33333333333333337
228,1344566974.0,1580034884.0,20,5,18,0.75
229,444336013.0,1344566974.0,5,4,5,0.19999999999999996
230,1580034964.0,1580034967.0,2,2,2,0.0
231,1580034737.0,3994361363.0,12,12,12,0.0
232,1580034884.0,1580034888.0,2,2,2,0.0
233,1580034886.0,1580035061.0,34,11,25,0.6764705882352942
234,444336013.0,1580034884.0,22,8,19,0.6363636363636364
235,1580035160.0,1580035240.0,2,2,2,0.0
236,1344566974.0,1580035284.0,34,6,28,0.8235294117647058
237,1580035688.0,3249304309.0,19,8,19,0.5789473684210527
238,1580034913.0,1580034967.0,6,4,6,0.33333333333333337
239,1580035175.0,3249304311.0,44,6,39,0.8636363636363636
240,444336009.0,3249304311.0,52,13,44,0.75
241,1580034748.0,1580035065.0,35,11,29,0.6857142857142857
242,1580034913.0,3994361363.0,5,5,5,0.0
243,1580034888.0,1580035137.0,13,5,11,0.6153846153846154
244,444336009.0,1580035031.0,10,10,10,0.0
245,1580034888.0,3994361363.0,7,7,7,0.0
246,1344566973.0,1580034884.0,18,6,14,0.6666666666666667
247,1580034920.0,6051095782.0,48,11,41,0.7708333333333334
248,1580034905.0,3249304311.0,53,13,44,0.7547169811320755
249,1580035137.0,1580035160.0,5,5,5,0.0
250,444336009.0,1580034899.0,34,11,26,0.6764705882352942
251,444336009.0,1580034920.0,5,5,5,0.0
252,1580034773.0,1580034994.0,10,10,10,0.0
253,1580034879.0,1580035042.0,30,10,24,0.6666666666666667
254,1580034817.0,6051095781.0,50,14,40,0.72
255,1580034748.0,1580035688.0,48,11,40,0.7708333333333334
256,1580035021.0,1580035350.0,23,6,22,0.7391304347826086
257,1344566966.0,1580034744.0,45,9,37,0.8
258,1580035728.0,3249304311.0,45,7,40,0.8444444444444444
259,1580034964.0,1580035137.0,14,5,13,0.6428571428571428
260,1580034879.0,3249304311.0,52,15,44,0.7115384615384616
261,1580035065.0,1580035160.0,13,8,12,0.3846153846153846
262,1580034773.0,1580034945.0,38,11,31,0.7105263157894737
263,1344566974.0,1580034817.0,31,8,27,0.7419354838709677
264,444336013.0,1580035042.0,2,2,2,0.0
265,1344566974.0,1580035061.0,6,5,6,0.16666666666666663
266,1580034773.0,1580034899.0,42,12,33,0.7142857142857143
267,1580035160.0,3994361363.0,5,5,5,0.0
268,1580034945.0,3249304309.0,5,4,5,0.19999999999999996
269,1580034913.0,1580035350.0,27,6,22,0.7777777777777778
270,1580034899.0,1580035688.0,45,10,39,0.7777777777777778
271,1580034900.0,1580034905.0,2,2,2,0.0
272,1580034744.0,1580035042.0,16,9,15,0.4375
273,1580035042.0,1580035160.0,13,6,12,0.5384615384615384
274,1344566969.0,1580035021.0,5,5,5,0.0
275,1580034694.0,1580034883.0,7,4,7,0.4285714285714286
276,1580034879.0,1580034899.0,39,13,34,0.6666666666666667
277,1344566966.0,1580035031.0,3,3,3,0.0
278,1580035284.0,3249304311.0,3,3,3,0.0
279,1580034694.0,6051095782.0,53,16,42,0.6981132075471699
280,1580035021.0,1580035240.0,19,4,18,0.7894736842105263
281,1580034748.0,1580035350.0,44,10,34,0.7727272727272727
282,1580034737.0,1580034886.0,12,6,11,0.5
283,1580035175.0,1580035728.0,58,4,48,0.9310344827586207
284,1580035160.0,1580035175.0,2,2,2,0.0
285,1580035042.0,1580035240.0,30,7,26,0.7666666666666666
286,1580034886.0,1580034905.0,6,4,6,0.33333333333333337
287,1580034888.0,1580035284.0,46,8,40,0.8260869565217391
288,1580034913.0,1580034918.0,58,8,48,0.8620689655172413
289,1580034920.0,3249304309.0,27,9,24,0.6666666666666667
290,1580034737.0,1580034875.0,5,5,5,0.0
291,1580034875.0,6051095781.0,43,11,36,0.7441860465116279
292,1580034773.0,1580034817.0,2,2,2,0.0
293,1580034744.0,1580035021.0,11,11,11,0.0
294,3994361363.0,6051095782.0,43,10,38,0.7674418604651163
295,1580034883.0,1580035061.0,24,10,21,0.5833333333333333
296,444336013.0,1580035284.0,26,4,23,0.8461538461538461
297,1580034918.0,1580035061.0,20,11,19,0.44999999999999996
298,444336014.0,1580034527.0,50,10,44,0.8
299,1580034994.0,1580035728.0,62,7,50,0.8870967741935484
300,1580035688.0,1580035728.0,2,2,2,0.0
301,1580034994.0,1580035061.0,4,4,4,0.0
302,1580035688.0,6051095781.0,40,9,36,0.775
303,1580034913.0,6051095782.0,47,10,40,0.7872340425531915
304,1580035031.0,6051095781.0,39,10,35,0.7435897435897436
305,1580034694.0,1580034817.0,2,2,2,0.0
306,1580035021.0,6051095781.0,35,9,33,0.7428571428571429
307,1344566969.0,1580034967.0,4,4,4,0.0
308,1580034913.0,1580035031.0,9,6,9,0.33333333333333337
309,1580034888.0,1580034964.0,6,5,6,0.16666666666666663
310,1580035137.0,3249304309.0,30,12,26,0.6
311,1580034900.0,1580034994.0,7,7,7,0.0
312,1580034888.0,1580035061.0,30,10,25,0.6666666666666667
313,3994361363.0,6051095781.0,38,9,33,0.7631578947368421
314,1580035198.0,1580035350.0,11,3,11,0.7272727272727273
315,1580034918.0,1580035031.0,5,5,5,0.0
316,1344566973.0,1580034888.0,13,3,10,0.7692307692307692
317,1580034900.0,1580034964.0,3,3,3,0.0
318,1580034744.0,1580034900.0,7,7,7,0.0
319,1580035031.0,6051095782.0,50,11,41,0.78
320,3249304308.0,6051095781.0,2,2,2,0.0
321,1580034879.0,6051095781.0,47,14,40,0.7021276595744681
322,1580034905.0,6051095782.0,52,13,41,0.75
323,444336009.0,1580034896.0,3,3,3,0.0
324,1580034884.0,1580034886.0,22,4,17,0.8181818181818181
325,1580034886.0,1580034967.0,5,5,5,0.0
326,1580034899.0,1580034918.0,58,12,49,0.7931034482758621
327,1580034744.0,3249304311.0,51,14,44,0.7254901960784313
328,1580034899.0,3249304311.0,39,5,32,0.8717948717948718
329,1580034879.0,3994361361.0,8,7,8,0.125
330,1580035031.0,3249304309.0,21,9,20,0.5714285714285714
331,1580034967.0,1580035688.0,39,6,35,0.8461538461538461
332,1580034918.0,1580035042.0,22,10,19,0.5454545454545454
333,3249304308.0,6051095782.0,3,3,3,0.0
334,1580035021.0,1580035160.0,5,3,4,0.4
335,1580034875.0,1580035160.0,32,10,23,0.6875
336,1580034883.0,1580034888.0,3,3,3,0.0
337,1580034920.0,1580035240.0,32,7,27,0.78125
338,1580034900.0,1580035198.0,49,11,39,0.7755102040816326
339,1580034945.0,1580035284.0,34,6,29,0.8235294117647058
340,1580035021.0,1580035688.0,34,5,30,0.8529411764705882
341,1580035137.0,1580035728.0,32,3,27,0.90625
342,1580034994.0,1580035284.0,31,5,26,0.8387096774193549
343,1580034737.0,1580034896.0,7,7,7,0.0
344,1580034694.0,1580034920.0,10,9,10,0.09999999999999998
345,1580035137.0,1580035175.0,3,3,3,0.0
346,1580034879.0,1580035061.0,30,11,25,0.6333333333333333
347,1580034527.0,1580034694.0,4,4,4,0.0
348,1344566969.0,1580034918.0,55,4,47,0.9272727272727272
349,444336014.0,1580034737.0,51,11,42,0.7843137254901961
350,1580035042.0,3249304308.0,36,6,30,0.8333333333333334
351,1580034527.0,1580035137.0,40,11,31,0.725
352,1580035198.0,3249304311.0,2,2,2,0.0
353,1580034694.0,3994361361.0,10,9,10,0.09999999999999998
354,1580034744.0,1580035284.0,45,11,39,0.7555555555555555
355,444336009.0,1580034883.0,3,3,3,0.0
356,1580034875.0,1580035175.0,33,10,26,0.696969696969697
357,1580035021.0,3994361361.0,2,2,2,0.0
358,1580034884.0,1580034918.0,58,9,48,0.8448275862068966
359,444336013.0,6051095781.0,25,6,22,0.76
360,1344566973.0,1580034527.0,51,10,40,0.803921568627451
361,1580035198.0,1580035688.0,31,5,28,0.8387096774193549
362,444336014.0,1344566966.0,20,8,18,0.6
363,1580034883.0,3249304311.0,52,13,44,0.75
364,444336009.0,1580035198.0,49,12,38,0.7551020408163265
365,1580034773.0,1580034875.0,3,3,3,0.0
366,1580034967.0,6051095781.0,40,10,35,0.75
367,1580034875.0,1580034913.0,4,3,4,0.25
368,1580034884.0,6051095781.0,46,13,39,0.7173913043478262
369,1344566966.0,1344566974.0,9,5,8,0.4444444444444444
370,1580035065.0,3994361361.0,5,5,5,0.0
371,1580035021.0,1580035175.0,15,5,14,0.6666666666666667
372,1580034964.0,1580035031.0,4,4,4,0.0
373,1580034817.0,1580035175.0,19,6,17,0.6842105263157895
374,1344566966.0,1580034896.0,17,7,16,0.5882352941176471
375,1580034964.0,3249304309.0,20,8,19,0.6
376,1580034694.0,1580035240.0,45,9,35,0.8
377,1580034884.0,1580035240.0,39,9,33,0.7692307692307692
378,1580034773.0,1580034967.0,7,7,7,0.0
379,1580034694.0,3249304309.0,46,14,34,0.6956521739130435
380,1580034744.0,1580034920.0,6,6,6,0.0
381,1580035042.0,1580035728.0,61,8,50,0.8688524590163934
382,1580034879.0,1580034964.0,7,6,7,0.1428571428571429
383,1580034817.0,1580034883.0,6,3,6,0.5
384,1580034744.0,1580034964.0,7,7,7,0.0
385,1580034920.0,3994361361.0,5,5,5,0.0
386,1580035688.0,6051095782.0,49,10,42,0.7959183673469388
387,1344566973.0,1580034896.0,16,6,15,0.625
388,1580035061.0,6051095782.0,30,5,27,0.8333333333333334
389,1580034748.0,1580034817.0,5,3,5,0.4
390,1580034744.0,1580035031.0,11,11,11,0.0
391,1580034737.0,1580034888.0,6,6,6,0.0
392,1580034748.0,1580035061.0,31,10,27,0.6774193548387097
393,1580034737.0,3249304311.0,51,15,44,0.7058823529411764
394,1580034773.0,1580034964.0,6,6,6,0.0
395,1580034879.0,1580035137.0,13,5,12,0.6153846153846154
396,1580034967.0,1580035728.0,62,7,51,0.8870967741935484
397,1580034888.0,1580034905.0,2,2,2,0.0
398,1580034883.0,1580035021.0,7,7,7,0.0
399,1580034748.0,1580034994.0,11,11,11,0.0
400,1344566973.0,1580035061.0,19,8,17,0.5789473684210527
401,1580035284.0,3994361363.0,9,9,9,0.0
402,1580034744.0,1580034817.0,7,5,6,0.2857142857142857
403,1580034817.0,1580035688.0,48,9,38,0.8125
404,444336014.0,1580035160.0,13,7,13,0.46153846153846156
405,1580034886.0,1580035065.0,33,12,28,0.6363636363636364
406,1580035160.0,1580035728.0,59,4,48,0.9322033898305084
407,1580035031.0,1580035350.0,30,4,27,0.8666666666666667
408,1580034913.0,1580035284.0,42,7,34,0.8333333333333334
409,1344566969.0,1580034884.0,13,5,11,0.6153846153846154
410,1344566969.0,1580034900.0,13,6,12,0.5384615384615384
411,1344566973.0,1580035042.0,21,7,16,0.6666666666666667
412,1344566966.0,1580034748.0,39,7,33,0.8205128205128205
413,1580034886.0,1580035160.0,10,6,9,0.4
414,1580034527.0,1580035240.0,44,13,37,0.7045454545454546
415,1580034737.0,3994361361.0,11,11,11,0.0
416,444336014.0,1580035284.0,13,3,13,0.7692307692307692
417,1344566969.0,1344566974.0,15,6,13,0.6
418,1580034737.0,1580034773.0,3,3,3,0.0
419,444336014.0,1344566973.0,13,7,13,0.46153846153846156
420,1580035042.0,3994361361.0,3,3,3,0.0
421,1580034773.0,1580035061.0,32,11,26,0.65625
422,1580034694.0,1580034967.0,7,7,7,0.0
423,1580034964.0,3249304311.0,50,10,43,0.8
424,1344566969.0,3249304311.0,51,14,44,0.7254901960784313
425,1580034527.0,1580034994.0,14,14,14,0.0
426,1344566973.0,1580035137.0,4,3,4,0.25
427,1580034527.0,1580034964.0,8,8,8,0.0
428,444336013.0,1580035137.0,25,9,22,0.64
429,1580035728.0,3994361361.0,7,7,7,0.0
430,1580034744.0,1580034994.0,13,13,13,0.0
431,1580035061.0,1580035175.0,25,9,21,0.64
432,1580034748.0,1580035175.0,39,8,32,0.7948717948717949
433,1580034883.0,1580034945.0,28,10,23,0.6428571428571428
434,1580035061.0,3994361363.0,5,5,5,0.0
435,1580034905.0,1580034913.0,11,4,10,0.6363636363636364
436,1580034918.0,1580034945.0,25,12,22,0.52
437,1580034817.0,1580034913.0,12,7,12,0.41666666666666663
438,1580034888.0,1580034918.0,57,6,48,0.8947368421052632
439,1580034817.0,1580035031.0,6,6,6,0.0
440,1580034527.0,1580034875.0,4,4,4,0.0
441,1580034748.0,1580034899.0,32,12,28,0.625
442,1344566973.0,1580034737.0,45,8,35,0.8222222222222222
443,1580034945.0,1580035042.0,3,3,3,0.0
444,1580034748.0,1580035728.0,60,12,51,0.8
445,1580034994.0,1580035042.0,3,3,3,0.0
446,1344566969.0,1580034883.0,19,6,17,0.6842105263157895
447,444336014.0,1580034945.0,4,4,4,0.0
448,1580035031.0,1580035137.0,9,4,8,0.5555555555555556
449,1344566973.0,1580034899.0,29,10,24,0.6551724137931034
450,1580034896.0,1580034913.0,2,2,2,0.0
451,1580034883.0,1580034920.0,5,4,4,0.19999999999999996
452,1580034900.0,1580035160.0,18,7,15,0.6111111111111112
453,1580034737.0,1580034913.0,8,8,8,0.0
454,1344566973.0,3249304309.0,28,10,23,0.6428571428571428
455,1580034744.0,3994361361.0,9,8,9,0.11111111111111116
456,1580034884.0,1580034896.0,3,3,3,0.0
457,1580034817.0,1580034879.0,2,2,2,0.0
458,1580034884.0,1580035042.0,25,8,19,0.6799999999999999
459,1344566974.0,1580034967.0,5,3,5,0.4
460,1580035021.0,1580035137.0,11,5,10,0.5454545454545454
461,1580034773.0,1580035350.0,41,10,34,0.7560975609756098
462,1580034773.0,1580035284.0,46,11,40,0.7608695652173914
463,1344566974.0,1580034913.0,2,2,2,0.0
464,1580034886.0,1580035198.0,48,14,41,0.7083333333333333
465,444336013.0,1580034918.0,58,10,49,0.8275862068965517
466,1344566973.0,3994361361.0,5,4,5,0.19999999999999996
467,1580034817.0,1580035042.0,39,11,26,0.717948717948718
468,444336009.0,1580035160.0,40,12,29,0.7
469,444336009.0,1580035728.0,62,15,52,0.7580645161290323
470,1580034920.0,1580035175.0,26,6,22,0.7692307692307692
471,1580034900.0,1580035688.0,42,9,38,0.7857142857142857
472,1580035065.0,3994361363.0,6,6,6,0.0
473,1580034694.0,1580035688.0,49,10,39,0.7959183673469388
474,1580035198.0,3994361361.0,7,7,7,0.0
475,1580035175.0,1580035198.0,45,12,37,0.7333333333333334
476,444336013.0,1580035031.0,8,6,8,0.25
477,1580034900.0,1580034918.0,60,8,48,0.8666666666666667
478,1580034964.0,1580035175.0,15,5,13,0.6666666666666667
479,1580034918.0,1580035137.0,2,2,2,0.0
480,1580034694.0,1580034737.0,2,2,2,0.0
481,1580035160.0,1580035350.0,5,3,4,0.4
482,1580034527.0,1580034905.0,10,9,10,0.09999999999999998
483,1580034918.0,1580034920.0,8,7,8,0.125
484,1580034896.0,1580034918.0,60,9,48,0.85
485,444336009.0,1580034748.0,4,4,4,0.0
486,1580034884.0,1580035688.0,46,10,38,0.782608695652174
487,1580034527.0,1580034945.0,28,12,25,0.5714285714285714
488,444336014.0,1580034920.0,10,6,10,0.4
489,444336014.0,1580034883.0,28,8,23,0.7142857142857143
490,1580034875.0,1580034899.0,22,10,16,0.5454545454545454
491,1580034883.0,1580034905.0,5,4,4,0.19999999999999996
492,1580034920.0,1580035065.0,21,8,20,0.6190476190476191
493,444336013.0,1580034899.0,5,5,5,0.0
494,1580034994.0,3249304311.0,46,8,37,0.8260869565217391
495,1580034964.0,1580035688.0,39,7,35,0.8205128205128205
496,1580034773.0,1580034900.0,4,4,4,0.0
497,1580034737.0,1580035042.0,31,10,27,0.6774193548387097
498,1580035061.0,3249304308.0,37,5,30,0.8648648648648649
499,1580034886.0,1580034920.0,12,7,11,0.41666666666666663
500,1580035137.0,1580035198.0,47,13,40,0.7234042553191489
501,1580034918.0,1580035198.0,47,14,40,0.7021276595744681
502,1580035021.0,1580035031.0,2,2,2,0.0
503,1580034886.0,1580035284.0,47,7,39,0.851063829787234
504,1580034905.0,1580035065.0,30,10,25,0.6666666666666667
505,444336013.0,1580034744.0,46,9,37,0.8043478260869565
506,1580034913.0,1580034964.0,3,3,3,0.0
507,1580034896.0,1580035065.0,14,8,13,0.4285714285714286
508,1580034918.0,3994361363.0,8,8,8,0.0
509,1344566973.0,1580035198.0,45,11,37,0.7555555555555555
510,1580034527.0,1580034886.0,13,8,13,0.3846153846153846
511,1344566973.0,1580034883.0,30,7,25,0.7666666666666666
512,1580034744.0,1580034918.0,57,11,48,0.8070175438596492
513,1580034694.0,1580035031.0,7,7,7,0.0
514,444336013.0,1580034945.0,4,4,4,0.0
515,1344566974.0,3994361363.0,4,4,4,0.0
516,1580034900.0,3994361363.0,7,7,7,0.0
517,1580034900.0,1580035284.0,49,9,39,0.8163265306122449
518,1344566973.0,1580034918.0,60,4,48,0.9333333333333333
519,1344566966.0,1580034899.0,30,11,26,0.6333333333333333
520,1344566966.0,1580034884.0,19,7,16,0.631578947368421
521,1580034817.0,1580035198.0,51,14,40,0.7254901960784313
522,1580034879.0,1580035031.0,5,5,5,0.0
523,1580034945.0,1580035198.0,27,5,23,0.8148148148148149
524,1580034994.0,1580035688.0,42,6,34,0.8571428571428572
525,1580035175.0,3994361363.0,6,6,6,0.0
526,1580034899.0,1580034905.0,21,10,19,0.5238095238095238
527,1580034899.0,1580035061.0,3,3,3,0.0
528,444336009.0,1580034886.0,20,8,19,0.6
529,1580034900.0,3249304308.0,52,12,42,0.7692307692307692
530,1580034918.0,1580034964.0,7,6,7,0.1428571428571429
531,1580034899.0,6051095782.0,30,5,28,0.8333333333333334
532,1580034744.0,1580034899.0,33,12,27,0.6363636363636364
533,1580034875.0,1580034879.0,29,5,20,0.8275862068965517
534,1580034875.0,1580034964.0,5,5,5,0.0
535,1580034875.0,1580034967.0,7,7,7,0.0
536,1580034896.0,1580035284.0,45,8,36,0.8222222222222222
537,1580034737.0,1580035688.0,47,12,40,0.7446808510638299
538,1344566966.0,1580035160.0,4,4,4,0.0
539,1580034899.0,1580034967.0,9,8,9,0.11111111111111116
540,1580034905.0,3994361361.0,6,5,6,0.16666666666666663
541,1580034899.0,1580034920.0,10,8,10,0.19999999999999996
542,1580034744.0,1580034888.0,7,7,7,0.0
543,1580034918.0,3249304308.0,53,15,44,0.7169811320754718
544,1580034773.0,1580034886.0,9,4,9,0.5555555555555556
545,1580034884.0,1580035031.0,8,7,8,0.125
546,1344566973.0,3249304308.0,52,12,42,0.7692307692307692
547,444336009.0,1580035042.0,15,8,15,0.4666666666666667
548,1580034945.0,1580034994.0,4,4,4,0.0
549,1580034905.0,1580035175.0,12,4,11,0.6666666666666667
550,1580034817.0,1580035137.0,22,6,17,0.7272727272727273
551,1580034883.0,6051095782.0,47,13,41,0.7234042553191489
552,1580034737.0,1580034994.0,12,12,12,0.0
553,1580035021.0,3249304311.0,46,10,42,0.782608695652174
554,1344566969.0,1580035137.0,5,3,5,0.4
555,1580034527.0,1580034773.0,6,5,6,0.16666666666666663
556,1580034899.0,1580035240.0,31,10,28,0.6774193548387097
557,1580034900.0,3249304311.0,53,12,43,0.7735849056603774
558,1580034773.0,3249304309.0,43,12,33,0.7209302325581395
559,1580034879.0,3994361363.0,8,8,8,0.0
560,1344566969.0,3249304309.0,36,12,31,0.6666666666666667
561,1580035031.0,1580035728.0,62,5,49,0.9193548387096774
562,1580035042.0,1580035284.0,34,6,29,0.8235294117647058
563,444336013.0,1580035198.0,28,6,24,0.7857142857142857
564,1580034886.0,3249304311.0,51,15,44,0.7058823529411764
565,1580034817.0,1580035350.0,43,11,35,0.7441860465116279
566,444336013.0,1580034994.0,3,3,3,0.0
567,1580034964.0,1580035021.0,3,3,3,0.0
568,1580034967.0,3994361363.0,4,4,4,0.0
569,1580034884.0,3249304308.0,54,14,42,0.7407407407407407
570,1580034905.0,3994361363.0,6,6,6,0.0
571,1344566969.0,3249304308.0,50,14,43,0.72
572,1580034773.0,1580034896.0,5,5,5,0.0
573,1580034744.0,1580034967.0,10,10,10,0.0
574,1580034896.0,1580035688.0,50,10,40,0.8
575,1580034744.0,1580035688.0,47,13,40,0.7234042553191489
576,1580035350.0,3249304311.0,39,4,34,0.8974358974358975
577,1580034694.0,1580035042.0,44,11,31,0.75
578,1580034886.0,1580035728.0,59,7,50,0.8813559322033898
579,444336009.0,1580034905.0,10,6,10,0.4
580,444336014.0,1580034773.0,28,9,24,0.6785714285714286
581,1580034967.0,3249304309.0,21,9,19,0.5714285714285714
582,1580034737.0,1580034967.0,9,9,9,0.0
583,1580034900.0,1580035031.0,6,6,6,0.0
584,1344566969.0,1580034899.0,40,12,35,0.7
585,444336014.0,1580034896.0,14,6,13,0.5714285714285714
586,1580034879.0,1580034945.0,34,12,28,0.6470588235294117
587,1580034748.0,1580034883.0,3,3,3,0.0
588,1580034899.0,1580035198.0,25,4,22,0.84
589,1344566973.0,1580034875.0,24,7,21,0.7083333333333333
590,444336014.0,1580034875.0,19,7,17,0.631578947368421
591,1580034737.0,3249304309.0,35,13,32,0.6285714285714286
592,1580034920.0,1580034994.0,6,6,6,0.0
593,1580034884.0,1580034899.0,33,12,28,0.6363636363636364
594,444336014.0,1344566969.0,25,9,21,0.64
595,1344566973.0,1580034694.0,22,6,19,0.7272727272727273
596,1580034748.0,1580034875.0,4,4,4,0.0
597,1580034945.0,3994361361.0,5,5,5,0.0
598,1580035042.0,3249304309.0,5,4,4,0.19999999999999996
599,1580035160.0,1580035688.0,5,3,4,0.4
600,1580034886.0,1580035688.0,41,6,36,0.8536585365853658
601,1580034748.0,1580035137.0,34,8,26,0.7647058823529411
602,1580034945.0,1580035137.0,27,10,24,0.6296296296296297
603,444336009.0,1344566969.0,28,9,24,0.6785714285714286
604,1580034994.0,6051095781.0,31,7,26,0.7741935483870968
605,1344566973.0,1580034945.0,24,9,19,0.625
606,1580035284.0,1580035350.0,2,2,2,0.0
607,1344566974.0,1580034527.0,48,7,42,0.8541666666666666
608,1344566966.0,1580035042.0,21,8,17,0.6190476190476191
609,1580034913.0,1580035198.0,42,9,33,0.7857142857142857
610,1580034896.0,1580034994.0,7,4,7,0.4285714285714286
611,1580034967.0,1580035031.0,3,3,3,0.0
612,1580034994.0,1580035160.0,13,5,12,0.6153846153846154
613,1580034879.0,1580035240.0,30,7,26,0.7666666666666666
614,1580035728.0,6051095781.0,41,10,37,0.7560975609756098
615,444336013.0,1580035065.0,5,4,5,0.19999999999999996
616,1580035061.0,1580035284.0,35,5,29,0.8571428571428572
617,1580034888.0,1580035065.0,31,11,26,0.6451612903225806
618,1580035284.0,1580035688.0,16,4,15,0.75
619,1580034737.0,1580034884.0,5,5,5,0.0
620,1580034913.0,1580035728.0,64,10,51,0.84375
621,1344566969.0,1580034744.0,39,8,33,0.7948717948717949
622,1344566973.0,1580035021.0,3,3,3,0.0
623,444336014.0,1580035061.0,3,3,3,0.0
624,1580034967.0,1580035350.0,31,7,28,0.7741935483870968
625,1344566966.0,3994361363.0,6,6,6,0.0
626,1344566966.0,1580034900.0,11,4,10,0.6363636363636364
627,1580034883.0,3249304309.0,35,11,28,0.6857142857142857
628,1580035031.0,1580035284.0,39,5,33,0.8717948717948718
629,1580034886.0,1580035175.0,6,4,6,0.33333333333333337
630,1580034737.0,6051095781.0,45,14,39,0.6888888888888889
631,1580034883.0,1580035688.0,46,11,38,0.7608695652173914
632,1580034748.0,1580035160.0,30,9,25,0.7
633,1580034817.0,1580034886.0,3,3,3,0.0
634,1580035061.0,1580035137.0,27,9,24,0.6666666666666667
635,444336014.0,3994361361.0,4,4,4,0.0
636,1580034875.0,1580034918.0,57,11,48,0.8070175438596492
637,1580035061.0,1580035688.0,45,8,37,0.8222222222222222
638,3249304308.0,3994361361.0,8,8,8,0.0
639,1344566973.0,1580034964.0,4,3,4,0.25
640,1580034886.0,3994361361.0,9,8,9,0.11111111111111116
641,1344566974.0,1580034896.0,6,3,6,0.5
642,1580034773.0,1580035240.0,44,9,35,0.7954545454545454
643,1580034737.0,1580034964.0,8,8,8,0.0
644,1580034773.0,3994361363.0,10,10,10,0.0
645,1580034737.0,1580035137.0,34,9,26,0.7352941176470589
646,1580034967.0,1580035175.0,13,4,10,0.6923076923076923
647,1580034694.0,1580034886.0,2,2,2,0.0
648,1344566966.0,1580034945.0,24,10,20,0.5833333333333333
649,1580035065.0,1580035137.0,28,10,25,0.6428571428571428
650,1580035175.0,6051095782.0,54,13,43,0.7592592592592593
651,1580034737.0,1580034945.0,33,12,27,0.6363636363636364
652,1580035198.0,1580035240.0,37,11,32,0.7027027027027026
653,444336009.0,1580035021.0,9,9,9,0.0
654,1580034899.0,1580035042.0,4,4,4,0.0
655,1580034896.0,1580035175.0,32,8,25,0.75
656,1580034883.0,1580034884.0,2,2,2,0.0
657,1580034744.0,1580035160.0,31,11,27,0.6451612903225806
658,1580034737.0,3249304308.0,52,15,43,0.7115384615384616
659,1580035061.0,3249304311.0,40,5,31,0.875
660,1580035137.0,1580035688.0,2,2,2,0.0
661,1580035065.0,1580035688.0,45,9,38,0.8
662,1580034888.0,6051095782.0,50,14,42,0.72
663,1580034918.0,1580034994.0,10,8,10,0.19999999999999996
664,1580035031.0,3994361363.0,4,4,4,0.0
665,1580034994.0,3994361363.0,3,3,3,0.0
666,444336009.0,3249304309.0,34,11,25,0.6764705882352942
667,1344566969.0,6051095781.0,49,13,41,0.7346938775510203
668,1580034896.0,3249304308.0,55,11,42,0.8
669,1580035350.0,3994361361.0,5,5,5,0.0
670,3249304311.0,6051095781.0,4,4,4,0.0
671,1580034879.0,1580034888.0,2,2,2,0.0
672,1580034913.0,3249304308.0,55,10,42,0.8181818181818181
673,1344566969.0,1580035160.0,10,5,9,0.5
674,1580034913.0,1580035688.0,50,9,40,0.8200000000000001
675,1580035198.0,1580035284.0,2,2,2,0.0
676,1580035350.0,3994361363.0,6,6,6,0.0
677,1580035198.0,6051095782.0,8,4,8,0.5
678,1580034883.0,1580035240.0,38,10,33,0.736842105263158
679,1580034896.0,1580034899.0,16,9,14,0.4375
680,1344566973.0,1580034900.0,11,3,10,0.7272727272727273
681,1580034964.0,3994361363.0,5,5,5,0.0
682,1580034913.0,1580035240.0,34,8,28,0.7647058823529411
683,1580034817.0,1580034967.0,6,6,6,0.0
684,1580034773.0,3994361361.0,9,9,9,0.0
685,1580034945.0,1580035160.0,13,8,13,0.3846153846153846
686,444336013.0,1580034875.0,19,7,17,0.631578947368421
687,1580034527.0,1580035284.0,45,12,40,0.7333333333333334
688,1580034883.0,1580035160.0,23,9,18,0.6086956521739131
689,1580034918.0,1580035284.0,40,7,35,0.825
690,1580035688.0,3249304311.0,44,6,39,0.8636363636363636
691,1580034918.0,1580035175.0,4,4,4,0.0
692,1580034884.0,1580035160.0,25,8,18,0.6799999999999999
693,1580034920.0,3994361363.0,6,6,6,0.0
694,1580034913.0,1580035061.0,9,6,9,0.33333333333333337
695,1580034744.0,3994361363.0,13,13,13,0.0
696,1344566974.0,1580034888.0,24,6,21,0.75
697,1580035175.0,3249304308.0,51,13,41,0.7450980392156863
698,1580034899.0,3249304309.0,3,3,3,0.0
699,1580034737.0,1580034905.0,7,7,7,0.0
700,1580034817.0,1580034945.0,40,12,31,0.7
701,1344566973.0,6051095781.0,42,11,36,0.7380952380952381
702,444336013.0,1580035061.0,3,3,3,0.0
703,444336014.0,1580034918.0,58,10,49,0.8275862068965517
704,1580034886.0,1580034900.0,10,5,9,0.5
705,1580035031.0,1580035240.0,12,3,11,0.75
706,1580034905.0,1580035021.0,4,4,4,0.0
707,1580034900.0,6051095781.0,46,11,39,0.7608695652173914
708,1580034744.0,1580035728.0,61,14,52,0.7704918032786885
709,1344566969.0,1344566973.0,3,3,3,0.0
710,1580034920.0,1580035137.0,20,6,18,0.7
711,1344566973.0,1580035160.0,3,3,3,0.0
712,1580034748.0,1580034945.0,34,11,27,0.6764705882352942
713,1580035350.0,6051095781.0,32,7,30,0.78125
714,1580035175.0,1580035240.0,2,2,2,0.0
715,1580035061.0,1580035728.0,61,9,50,0.8524590163934427
716,1580034875.0,1580035031.0,9,9,9,0.0
717,1580035350.0,6051095782.0,39,8,36,0.7948717948717949
718,1580035065.0,1580035728.0,60,10,50,0.8333333333333334
719,1344566966.0,3249304309.0,30,11,25,0.6333333333333333
720,444336013.0,3249304311.0,42,7,34,0.8333333333333334
721,1344566973.0,1580035284.0,43,6,35,0.8604651162790697
722,1580035284.0,1580035728.0,59,5,49,0.9152542372881356
723,1580035137.0,6051095782.0,52,14,43,0.7307692307692308
724,1580035031.0,1580035160.0,2,2,2,0.0
725,1580034527.0,3249304309.0,34,13,28,0.6176470588235294
726,3249304308.0,3994361363.0,9,9,9,0.0
727,1580034883.0,1580034886.0,21,5,17,0.7619047619047619
728,1580034945.0,1580035061.0,2,2,2,0.0
729,1580034748.0,3994361363.0,11,11,11,0.0
730,444336009.0,1344566974.0,8,8,8,0.0
731,1580034527.0,3994361363.0,14,14,14,0.0
732,1580034527.0,1580034883.0,5,5,5,0.0
733,1580034967.0,3249304308.0,49,11,41,0.7755102040816326
734,444336014.0,1580034994.0,3,3,3,0.0
735,1344566966.0,1580035688.0,33,4,28,0.8787878787878788
736,1580035198.0,3994361363.0,8,8,8,0.0
737,1344566969.0,1580034527.0,41,9,35,0.7804878048780488
738,1580034899.0,1580035284.0,31,5,29,0.8387096774193549
739,1580035175.0,3249304309.0,26,11,25,0.5769230769230769
740,1344566974.0,1580034905.0,18,5,16,0.7222222222222222
741,1580034737.0,1580034900.0,6,6,6,0.0
742,1580034886.0,1580034888.0,6,3,5,0.5
743,1344566966.0,1580035175.0,2,2,2,0.0
744,444336013.0,1580035728.0,60,6,50,0.9
745,1580035728.0,3249304309.0,20,9,20,0.55
746,1580034694.0,1580034964.0,9,8,9,0.11111111111111116
747,1580034905.0,1580035198.0,49,12,40,0.7551020408163265
748,1580034694.0,1580035065.0,50,13,32,0.74
749,1344566969.0,1580035031.0,4,4,4,0.0
750,1580035350.0,3249304308.0,41,8,37,0.8048780487804879
751,1580034527.0,1580035042.0,16,10,16,0.375
752,1580034875.0,3994361361.0,7,6,7,0.1428571428571429
753,1580034748.0,6051095781.0,46,13,39,0.7173913043478262
754,1580034913.0,1580035175.0,31,7,24,0.7741935483870968
755,1580034888.0,1580034945.0,33,11,27,0.6666666666666667
756,1580035198.0,3249304308.0,9,4,8,0.5555555555555556
757,1580034888.0,3249304311.0,53,14,44,0.7358490566037736
758,1580034888.0,1580035350.0,40,10,34,0.75
759,1580034694.0,3994361363.0,10,10,10,0.0
760,1580034748.0,1580035240.0,43,10,35,0.7674418604651163
761,1344566966.0,1580035198.0,45,12,38,0.7333333333333334
762,1580034694.0,1580034899.0,41,14,34,0.6585365853658536
763,1580034913.0,1580034945.0,10,7,9,0.30000000000000004
764,1580034737.0,1580034920.0,7,7,7,0.0
765,444336009.0,1580034900.0,5,5,5,0.0
766,1580034817.0,1580034900.0,5,5,5,0.0
767,1344566974.0,1580035160.0,22,6,18,0.7272727272727273
768,1580034694.0,1580034900.0,6,6,6,0.0
769,1580034896.0,1580035061.0,13,7,10,0.46153846153846156
770,1580034945.0,1580035350.0,15,7,14,0.5333333333333333
771,1580034900.0,1580035137.0,27,7,21,0.7407407407407407
772,1580034905.0,1580034994.0,8,6,8,0.25
773,1580034886.0,1580035031.0,6,6,6,0.0
774,1580034896.0,6051095782.0,47,11,40,0.7659574468085106
775,1580035065.0,1580035175.0,24,10,21,0.5833333333333333
776,1580034888.0,1580035175.0,12,5,11,0.5833333333333333
777,1580034896.0,1580035240.0,37,9,32,0.7567567567567568
778,444336009.0,444336013.0,9,7,9,0.2222222222222222
779,1580034920.0,1580035061.0,22,7,19,0.6818181818181819
780,1580034883.0,3249304308.0,53,13,42,0.7547169811320755
781,444336014.0,1580034967.0,8,6,8,0.25
782,444336013.0,1580035240.0,30,8,26,0.7333333333333334
783,1580034817.0,1580034896.0,10,6,10,0.4
784,1580034918.0,1580035160.0,6,6,6,0.0
785,1580034883.0,1580034967.0,6,6,6,0.0
786,1580034875.0,1580035240.0,41,11,36,0.7317073170731707
787,1580034888.0,3249304308.0,51,14,43,0.7254901960784313
788,1580034964.0,1580034994.0,6,5,5,0.16666666666666663
789,1580034744.0,1580034905.0,9,8,9,0.11111111111111116
790,1580034527.0,1580034888.0,8,8,8,0.0
791,1580034905.0,1580035240.0,28,5,23,0.8214285714285714
792,1344566974.0,1580034964.0,2,2,2,0.0
793,444336014.0,1580035042.0,2,2,2,0.0
794,1580034748.0,1580034905.0,6,6,6,0.0
795,1580034945.0,1580035728.0,61,10,50,0.8360655737704918
796,3249304309.0,3249304311.0,10,3,9,0.7
797,1580034886.0,1580035021.0,6,6,6,0.0
798,1580034694.0,3249304308.0,56,16,43,0.7142857142857143
799,1580035137.0,3249304308.0,53,14,44,0.7358490566037736
800,1344566966.0,1580034875.0,26,8,23,0.6923076923076923
801,1580034694.0,1580034888.0,4,4,4,0.0
802,1580034964.0,1580035198.0,42,9,36,0.7857142857142857
803,1580034905.0,3249304309.0,34,11,27,0.6764705882352942
804,1580035021.0,1580035065.0,16,7,15,0.5625
805,1580034994.0,1580035350.0,14,4,13,0.7142857142857143
806,1580034817.0,3994361361.0,9,8,9,0.11111111111111116
807,1344566974.0,1580034918.0,58,7,48,0.8793103448275862
808,1580034879.0,3249304308.0,50,15,43,0.7
809,1344566974.0,1580034773.0,24,6,21,0.75
810,1580034883.0,1580034900.0,3,3,3,0.0
811,444336009.0,1580035350.0,40,9,34,0.775
812,1344566974.0,1580035198.0,35,8,28,0.7714285714285715
813,1344566966.0,1580034773.0,29,9,25,0.6896551724137931
814,1580034900.0,1580035240.0,36,8,30,0.7777777777777778
815,1580034967.0,6051095782.0,48,11,41,0.7708333333333334
816,1580035042.0,6051095781.0,25,5,22,0.8
817,1580034899.0,1580035350.0,15,8,15,0.4666666666666667
818,1580034900.0,1580035065.0,25,9,21,0.64
819,1580034527.0,1580034920.0,7,7,7,0.0
820,1344566974.0,3249304309.0,11,7,10,0.36363636363636365
821,1580034875.0,1580034896.0,2,2,2,0.0
822,1580035042.0,1580035137.0,25,8,22,0.6799999999999999
823,1580034773.0,1580035031.0,9,9,9,0.0
824,1580034879.0,1580034967.0,5,5,5,0.0
825,1580035688.0,3994361363.0,7,7,7,0.0
826,444336013.0,1580034896.0,14,6,13,0.5714285714285714
827,1580034737.0,1580035284.0,47,12,40,0.7446808510638299
828,1580034896.0,1580034900.0,2,2,2,0.0
829,1580034773.0,1580035688.0,49,10,39,0.7959183673469388
830,1344566969.0,3994361361.0,7,6,7,0.1428571428571429
831,1580035240.0,3249304309.0,20,7,18,0.65
832,1580034883.0,1580034994.0,10,9,9,0.09999999999999998
833,1344566973.0,1580034905.0,2,2,2,0.0
834,1580035042.0,3249304311.0,40,6,32,0.85
835,1580034918.0,3249304309.0,31,13,27,0.5806451612903225
836,1344566973.0,1580035350.0,35,8,29,0.7714285714285715
837,1580034694.0,1580034744.0,13,5,12,0.6153846153846154
838,1344566969.0,1580034896.0,16,7,15,0.5625
839,444336014.0,1580034694.0,45,12,39,0.7333333333333334
840,1580034694.0,1580035061.0,45,12,31,0.7333333333333334
841,1580034737.0,1580034883.0,4,4,4,0.0
842,1344566974.0,1580034875.0,13,4,13,0.6923076923076923
843,1580034773.0,1580035137.0,28,7,23,0.75
844,1580035061.0,1580035350.0,15,6,14,0.6
845,1344566969.0,1580035688.0,40,5,36,0.875
846,1580035061.0,6051095781.0,26,4,22,0.8461538461538461
847,3249304309.0,6051095782.0,7,3,7,0.5714285714285714
848,444336013.0,444336014.0,2,2,2,0.0
849,1580034899.0,1580034900.0,18,9,17,0.5
850,1580034918.0,6051095782.0,52,15,43,0.7115384615384616
851,1580034883.0,1580035042.0,24,9,19,0.625
852,1580035065.0,3249304309.0,2,2,2,0.0
853,444336014.0,1580035175.0,24,9,21,0.625
854,444336013.0,1580034773.0,27,9,23,0.6666666666666667
855,1344566973.0,1580035065.0,22,9,18,0.5909090909090908
856,444336014.0,1580034879.0,38,10,32,0.736842105263158
857,1580034899.0,1580034994.0,5,5,5,0.0
858,444336009.0,1580034737.0,3,3,3,0.0
859,1580034744.0,1580034884.0,6,6,6,0.0
860,1580034900.0,1580035021.0,5,5,5,0.0
861,1580034888.0,6051095781.0,47,13,40,0.7234042553191489
862,1580035042.0,3994361363.0,4,4,4,0.0
863,1580035284.0,6051095782.0,9,5,9,0.4444444444444444
864,1344566966.0,1580035728.0,64,5,50,0.921875
865,1344566973.0,1580034913.0,12,5,11,0.5833333333333333
866,1344566966.0,1580034888.0,12,4,10,0.6666666666666667
867,1580034900.0,1580035350.0,36,8,29,0.7777777777777778
868,1344566966.0,1580035240.0,23,5,19,0.782608695652174
869,444336014.0,3994361363.0,5,5,5,0.0
870,1580034879.0,1580035688.0,43,8,37,0.813953488372093
871,1344566974.0,1580035240.0,34,7,28,0.7941176470588236
872,1580034748.0,1580034879.0,5,4,5,0.19999999999999996
873,444336014.0,1580035240.0,27,3,24,0.8888888888888888
874,1580035042.0,1580035198.0,28,5,24,0.8214285714285714
875,1580034945.0,3249304308.0,36,6,30,0.8333333333333334
876,444336014.0,1580034886.0,38,10,32,0.736842105263158
877,444336009.0,1580034888.0,8,5,8,0.375
878,1580034884.0,1580035198.0,51,13,39,0.7450980392156863
879,1580034748.0,1580035042.0,30,9,26,0.7
880,1580034967.0,1580034994.0,6,4,5,0.33333333333333337
881,1580035137.0,3994361363.0,7,7,7,0.0
882,1580034884.0,1580034920.0,4,3,4,0.25
883,1580034886.0,1580034899.0,40,13,36,0.675
884,1580034748.0,1580035031.0,10,10,10,0.0
885,1580034875.0,1580035350.0,34,8,29,0.7647058823529411
886,1344566974.0,1580034748.0,38,7,32,0.8157894736842105
887,1580034920.0,1580035031.0,5,5,5,0.0
888,444336009.0,1580034879.0,17,7,16,0.5882352941176471
889,1580034905.0,1580034964.0,5,4,5,0.19999999999999996
890,1580034900.0,1580035175.0,28,7,23,0.75
891,1580034964.0,1580035728.0,60,8,51,0.8666666666666667
892,1580035031.0,3249304308.0,50,11,40,0.78
893,1344566974.0,3249304311.0,54,9,43,0.8333333333333334
894,1580034817.0,1580035284.0,49,10,40,0.7959183673469388
895,1580034884.0,3994361361.0,7,7,7,0.0
896,1580035160.0,6051095782.0,50,12,41,0.76
897,1580034964.0,3994361361.0,4,4,4,0.0
898,1580034694.0,1580034879.0,3,3,3,0.0
899,1344566969.0,1580034905.0,4,4,4,0.0
900,1580035065.0,6051095782.0,30,4,27,0.8666666666666667
901,1580035137.0,1580035284.0,39,6,34,0.8461538461538461
902,1580034879.0,1580034883.0,18,4,16,0.7777777777777778
903,1580034913.0,3994361361.0,4,4,4,0.0
904,444336009.0,1580034817.0,7,6,6,0.1428571428571429
905,444336009.0,1344566966.0,30,10,22,0.6666666666666667
906,1580034527.0,3249304308.0,51,15,44,0.7058823529411764
907,1580034884.0,1580034905.0,4,3,4,0.25
908,1580034899.0,3994361361.0,6,6,6,0.0
909,1344566973.0,1580034817.0,15,5,13,0.6666666666666667
910,1580034899.0,1580034964.0,11,7,11,0.36363636363636365
911,1344566973.0,1344566974.0,8,4,7,0.5
912,1580034748.0,1580034967.0,8,8,8,0.0
913,1580035198.0,3249304309.0,2,2,2,0.0
914,1580034994.0,1580035021.0,3,3,3,0.0
915,1580034945.0,1580035175.0,24,10,21,0.5833333333333333
916,1580034817.0,1580035728.0,62,10,51,0.8387096774193549
917,444336014.0,1580035137.0,28,9,25,0.6785714285714286
918,1580035137.0,6051095781.0,42,13,38,0.6904761904761905
919,1580034773.0,6051095782.0,53,14,42,0.7358490566037736
920,1580034817.0,1580034888.0,3,3,3,0.0
921,1344566973.0,1580034920.0,5,4,5,0.19999999999999996
922,3249304311.0,3994361361.0,8,8,8,0.0
923,1580034817.0,3249304311.0,55,15,44,0.7272727272727273
924,1580035175.0,1580035350.0,4,3,4,0.25
925,444336009.0,3249304308.0,59,13,43,0.7796610169491526
926,1580034994.0,3249304309.0,7,6,7,0.1428571428571429
927,1344566969.0,1580034879.0,4,3,4,0.25
928,1344566969.0,1580034773.0,15,7,13,0.5333333333333333
929,1580034694.0,1580035021.0,8,8,8,0.0
930,1580035065.0,3249304308.0,35,4,29,0.8857142857142857
931,1580034883.0,6051095781.0,45,12,39,0.7333333333333334
932,1580034905.0,3249304308.0,52,13,42,0.75
933,1580035175.0,3994361361.0,5,5,5,0.0
934,1580034879.0,1580035160.0,7,6,6,0.1428571428571429
935,444336013.0,3994361363.0,5,5,5,0.0
936,444336009.0,1580035688.0,52,14,41,0.7307692307692308
937,1580034899.0,6051095781.0,24,4,22,0.8333333333333334
938,1580034884.0,1580035021.0,6,6,6,0.0
939,444336014.0,6051095782.0,35,7,32,0.8
940,444336009.0,1580034994.0,12,6,12,0.5
941,1344566974.0,1580035350.0,21,5,18,0.7619047619047619
942,1580034879.0,1580035350.0,41,11,34,0.7317073170731707
943,1344566969.0,3994361363.0,7,7,7,0.0
944,1344566966.0,1580034737.0,43,8,35,0.813953488372093
945,1580034748.0,1580034900.0,5,5,5,0.0
946,1580034527.0,1580034899.0,33,13,28,0.6060606060606061
947,1580034817.0,1580035021.0,7,7,7,0.0
948,1580034527.0,1580034737.0,3,3,3,0.0
949,1344566973.0,1580034886.0,13,4,12,0.6923076923076923
950,1580034737.0,1580034817.0,6,4,5,0.33333333333333337
951,1580034744.0,1580035198.0,45,13,38,0.7111111111111111
952,3249304308.0,3249304311.0,11,5,10,0.5454545454545454
953,1580034994.0,1580035240.0,29,6,25,0.7931034482758621
954,1580034945.0,3994361363.0,6,6,6,0.0
955,1580034886.0,3249304308.0,50,15,43,0.7
956,1580034744.0,3249304309.0,34,12,27,0.6470588235294117
957,1580034945.0,1580035021.0,6,6,6,0.0
958,1580034527.0,1580035175.0,49,11,33,0.7755102040816326
959,1580035021.0,1580035284.0,39,6,34,0.8461538461538461
960,1344566966.0,1580034879.0,18,5,17,0.7222222222222222
961,1580034913.0,3249304309.0,17,8,13,0.5294117647058824
962,444336009.0,1580034875.0,2,2,2,0.0
963,1580034748.0,1580034773.0,2,2,2,0.0
964,1580035021.0,3994361363.0,3,3,3,0.0
965,1344566973.0,3994361363.0,5,5,5,0.0
966,1580034875.0,3994361363.0,10,10,10,0.0
967,444336013.0,1344566966.0,20,8,18,0.6
968,1580034879.0,1580035021.0,6,6,6,0.0
969,1580034883.0,1580034896.0,4,4,4,0.0
970,444336013.0,3249304308.0,38,7,32,0.8157894736842105
971,1580034884.0,3994361363.0,8,8,8,0.0
972,1580034884.0,3249304311.0,53,14,44,0.7358490566037736
973,1580034694.0,1580034913.0,13,8,13,0.3846153846153846
974,1580034896.0,1580034967.0,7,5,7,0.2857142857142857
975,1580034879.0,1580034920.0,9,7,8,0.2222222222222222
976,1580034994.0,1580035175.0,23,7,20,0.6956521739130435
977,444336013.0,1580034883.0,28,8,23,0.7142857142857143
978,1580035042.0,1580035175.0,24,8,21,0.6666666666666667
979,1580034744.0,6051095781.0,45,13,38,0.7111111111111111
980,1580034773.0,1580034879.0,3,3,3,0.0
981,444336009.0,1580034967.0,8,8,8,0.0
982,1580035061.0,1580035198.0,28,4,23,0.8571428571428572
983,1580034945.0,6051095782.0,30,6,27,0.8
984,1580034875.0,1580035042.0,13,7,13,0.46153846153846156
985,1580034694.0,1580034875.0,6,5,6,0.16666666666666663
986,1580034918.0,6051095781.0,43,14,39,0.6744186046511628
987,1580034694.0,1580034748.0,4,3,4,0.25
988,1580034817.0,1580034899.0,40,13,34,0.675
989,1580034918.0,1580035350.0,34,6,31,0.8235294117647058
990,1580034964.0,6051095782.0,48,10,41,0.7916666666666666
991,1580034905.0,1580034920.0,6,5,6,0.16666666666666663
992,1580034817.0,1580034920.0,9,8,9,0.11111111111111116
993,1344566974.0,1580035021.0,4,4,4,0.0
994,1580034913.0,6051095781.0,37,9,31,0.7567567567567568
995,1580034888.0,1580035042.0,29,9,23,0.6896551724137931
996,1344566974.0,1580034744.0,38,6,31,0.8421052631578947
997,1580034773.0,1580034918.0,56,8,48,0.8571428571428572
998,1580034905.0,1580034967.0,3,3,3,0.0
999,1580034884.0,3249304309.0,36,12,28,0.6666666666666667
1000,1580034994.0,3249304308.0,41,8,35,0.8048780487804879
1001,444336013.0,1580034967.0,8,6,8,0.25
1002,444336009.0,1580034527.0,3,3,3,0.0
1003,1580035350.0,1580035688.0,3,3,3,0.0
1004,444336009.0,3994361363.0,11,11,11,0.0
1005,444336009.0,3994361361.0,8,7,8,0.125
1006,1344566974.0,6051095782.0,40,9,37,0.775
1007,1580034899.0,1580035137.0,28,11,26,0.6071428571428572
1008,1580034879.0,1580034884.0,3,3,3,0.0
1009,1344566969.0,1580035198.0,49,13,41,0.7346938775510203
1010,444336013.0,1580034737.0,51,11,42,0.7843137254901961
1011,1580034888.0,1580034900.0,3,3,3,0.0
1012,444336009.0,1580035137.0,36,11,31,0.6944444444444444
1013,1580034913.0,1580035065.0,14,7,12,0.5
1014,1344566974.0,1580035175.0,24,6,20,0.75
1015,1580034773.0,1580035042.0,36,10,26,0.7222222222222222
1016,1344566974.0,6051095781.0,35,8,30,0.7714285714285715
1017,1580034884.0,1580035061.0,24,9,21,0.625
1018,1344566969.0,1580035042.0,28,9,22,0.6785714285714286
1019,1580034888.0,1580035688.0,44,7,37,0.8409090909090909
1020,1580034913.0,3249304311.0,56,10,43,0.8214285714285714
1021,1580034694.0,1580035728.0,63,11,51,0.8253968253968254
1022,1580034918.0,1580034967.0,5,5,5,0.0
1023,444336009.0,1580035240.0,46,13,36,0.7173913043478262
1024,1580034918.0,1580035065.0,25,12,22,0.52
1025,1580034964.0,6051095781.0,39,9,35,0.7692307692307692
1026,1344566969.0,1580034945.0,35,11,28,0.6857142857142857
1027,1580034748.0,1580034886.0,12,5,11,0.5833333333333333
1028,1344566974.0,1580034994.0,2,2,2,0.0
1029,1580034879.0,1580035198.0,48,14,41,0.7083333333333333
1030,1580034967.0,1580035061.0,18,7,16,0.6111111111111112
1031,444336014.0,3249304309.0,5,5,5,0.0
1032,1580034527.0,1580035065.0,24,12,24,0.5
1033,1580034737.0,1580035065.0,34,12,29,0.6470588235294117
1034,1344566966.0,1580034967.0,3,3,3,0.0
1035,1580034748.0,1580034888.0,5,5,5,0.0
1036,1580035031.0,1580035175.0,12,4,9,0.6666666666666667
1037,1580034945.0,1580034964.0,11,6,11,0.4545454545454546
1038,444336009.0,1580034884.0,4,4,4,0.0
1039,1580035042.0,1580035065.0,4,3,4,0.25
1040,1580035160.0,3249304309.0,25,10,23,0.6
1041,1580034744.0,1580035240.0,44,12,36,0.7272727272727273
1042,1580034737.0,1580034899.0,31,13,28,0.5806451612903225
1043,1580035160.0,3994361361.0,4,4,4,0.0
1044,1580034967.0,1580035284.0,42,7,36,0.8333333333333334
1045,444336013.0,1580034964.0,11,5,10,0.5454545454545454
1046,444336009.0,1580034694.0,4,4,4,0.0
1047,1580034905.0,1580035042.0,29,8,23,0.7241379310344828
1048,1580034884.0,1580034945.0,29,11,24,0.6206896551724138
1049,444336009.0,1580035175.0,44,11,33,0.75
1050,1344566969.0,1580034886.0,2,2,2,0.0
1051,444336014.0,1580035198.0,31,6,27,0.8064516129032258
1052,1344566966.0,1580035021.0,4,4,4,0.0
1053,1580034737.0,1580035350.0,43,11,34,0.7441860465116279
1054,1580034967.0,1580035042.0,17,6,15,0.6470588235294117
1055,1580034918.0,1580035240.0,24,7,21,0.7083333333333333
1056,1580035688.0,3249304308.0,49,10,41,0.7959183673469388
1057,1580034744.0,1580035065.0,23,11,23,0.5217391304347826
1058,1580035061.0,1580035240.0,30,8,26,0.7333333333333334
1059,1580034896.0,3994361363.0,8,8,8,0.0
1060,1580034744.0,1580034896.0,8,4,8,0.5
1061,1580035350.0,3249304309.0,9,6,9,0.33333333333333337
1062,1580034527.0,1580034967.0,11,11,11,0.0
1063,1580034967.0,3994361361.0,3,3,3,0.0
1064,444336009.0,1580035061.0,19,9,16,0.5263157894736843
1065,444336013.0,1580034748.0,45,10,38,0.7777777777777778
1066,1580034694.0,1580034896.0,11,7,11,0.36363636363636365
1067,444336009.0,1580034918.0,56,12,48,0.7857142857142857
1068,1580035042.0,1580035688.0,44,7,37,0.8409090909090909
1069,1580034817.0,3994361363.0,9,9,9,0.0
1070,1580034883.0,1580035728.0,62,12,51,0.8064516129032258
1071,1580034744.0,1580035137.0,40,10,30,0.75
1072,1580034748.0,3249304309.0,36,12,32,0.6666666666666667
1073,1580034875.0,1580035728.0,66,13,51,0.803030303030303
1074,1580034920.0,1580035042.0,18,6,15,0.6666666666666667
1075,1344566969.0,1580035240.0,29,6,25,0.7931034482758621
1076,1580034694.0,1580034945.0,45,13,33,0.7111111111111111
1077,1580034900.0,6051095782.0,49,12,41,0.7551020408163265
1078,1580034879.0,1580035284.0,45,9,40,0.8
1079,1580034905.0,6051095781.0,46,12,39,0.7391304347826086
1080,1344566969.0,1580035350.0,38,5,33,0.868421052631579
1081,444336014.0,1580035688.0,21,4,19,0.8095238095238095
1082,1580034920.0,3249304308.0,52,11,42,0.7884615384615384
1083,1344566973.0,1580035728.0,66,6,50,0.9090909090909091
1084,1580034886.0,1580035240.0,30,7,26,0.7666666666666666
1085,1580034888.0,1580034994.0,9,7,9,0.2222222222222222
1086,1580034884.0,1580035175.0,34,8,25,0.7647058823529411
1087,1580034773.0,1580035175.0,32,7,24,0.78125
1088,1580034883.0,1580035284.0,48,10,40,0.7916666666666666
1089,1580034896.0,3994361361.0,5,5,5,0.0
1090,1580034896.0,1580035728.0,65,11,51,0.8307692307692307
1091,1580035021.0,3249304308.0,45,10,40,0.7777777777777778
1092,1344566966.0,1580034918.0,58,3,47,0.9482758620689655
1093,1580034883.0,3994361363.0,9,9,9,0.0
1094,1580034900.0,1580034967.0,4,4,4,0.0
1095,1344566973.0,1580035031.0,2,2,2,0.0
1096,1580034875.0,1580035688.0,49,12,40,0.7551020408163265
1097,1344566974.0,1580035688.0,48,7,40,0.8541666666666666
1098,1344566966.0,1580034886.0,9,3,8,0.6666666666666667
1099,1580034883.0,3994361361.0,8,8,8,0.0
1100,1580034773.0,1580034888.0,4,4,4,0.0
1101,1580034920.0,1580035284.0,48,8,39,0.8333333333333334
1102,1580034875.0,1580034900.0,4,4,4,0.0
1103,1580034888.0,1580035240.0,28,6,25,0.7857142857142857
1104,1580034773.0,1580034913.0,6,6,6,0.0
1105,1580034886.0,1580035137.0,8,4,7,0.5
1106,1344566969.0,1580034920.0,12,6,11,0.5
1107,1580034994.0,1580035137.0,25,7,22,0.72
1108,1580034773.0,6051095781.0,50,13,40,0.74
1109,1580034900.0,1580035042.0,23,7,18,0.6956521739130435
1110,1580035137.0,3249304311.0,56,14,46,0.75
1111,1580034744.0,1580035061.0,25,10,24,0.6
1112,1344566974.0,3249304308.0,47,9,37,0.8085106382978724
1113,1580035031.0,1580035688.0,27,4,25,0.8518518518518519
1114,444336009.0,1580035284.0,44,10,38,0.7727272727272727
1115,6051095781.0,6051095782.0,2,2,2,0.0
1116,1580034918.0,1580035728.0,33,4,27,0.8787878787878788
1117,1580034875.0,1580035284.0,44,9,36,0.7954545454545454
1118,3249304309.0,6051095781.0,2,2,2,0.0
1119,1580035160.0,1580035198.0,44,11,37,0.75
1120,1580034748.0,6051095782.0,50,14,42,0.72
1121,1580034773.0,3249304308.0,54,14,43,0.7407407407407407
1122,1580034748.0,1580035021.0,9,9,9,0.0
1123,1344566973.0,1580034994.0,7,5,7,0.2857142857142857
1124,1580034967.0,1580035240.0,27,5,25,0.8148148148148149
1125,1580034884.0,1580035137.0,27,8,22,0.7037037037037037
1126,1580034884.0,1580035284.0,49,11,40,0.7755102040816326
1127,1580035137.0,1580035350.0,33,5,30,0.8484848484848485
1128,1580034967.0,1580035065.0,21,8,17,0.6190476190476191
1129,1580034900.0,1580034945.0,28,9,23,0.6785714285714286
1130,1344566969.0,1580035728.0,60,6,50,0.9
1131,1580034744.0,1580034945.0,28,11,24,0.6071428571428572
1132,1580034888.0,3249304309.0,37,12,30,0.6756756756756757
1133,1580034967.0,1580035198.0,41,10,36,0.7560975609756098
1134,1344566966.0,3249304308.0,51,13,42,0.7450980392156863
1135,1580034920.0,1580035021.0,4,4,4,0.0
1136,1580034967.0,1580035160.0,8,4,7,0.5
1137,1580034886.0,1580034913.0,19,7,17,0.631578947368421
1138,1344566974.0,1580034900.0,16,4,15,0.75
1139,1580034964.0,1580035240.0,28,6,26,0.7857142857142857
1140,1344566966.0,1580034817.0,15,6,14,0.6
1141,444336014.0,1580034888.0,26,9,22,0.6538461538461539
1142,1580034748.0,1580035284.0,47,11,40,0.7659574468085106
1143,444336014.0,1580035031.0,8,6,8,0.25
1144,1580034896.0,1580035160.0,26,8,22,0.6923076923076923
1145,1580034888.0,1580034899.0,38,12,32,0.6842105263157895
1146,1580034883.0,1580035065.0,29,10,23,0.6551724137931034
1147,1580034875.0,1580035065.0,16,9,16,0.4375
1148,1580034527.0,1580034817.0,7,6,7,0.1428571428571429
1149,1580035061.0,1580035160.0,13,7,12,0.46153846153846156
1150,1580035065.0,6051095781.0,24,3,21,0.875
1151,1580035031.0,1580035065.0,19,8,17,0.5789473684210527
1152,444336013.0,1580035160.0,14,7,13,0.5
1153,1580035240.0,6051095781.0,40,8,34,0.8
1154,1580035031.0,3994361361.0,3,3,3,0.0
1155,1580034886.0,1580034896.0,16,6,14,0.625
1156,1580034879.0,1580034896.0,16,5,14,0.6875
1157,1580035240.0,1580035728.0,58,3,47,0.9482758620689655
1158,1580034886.0,3249304309.0,39,13,31,0.6666666666666667
1159,1580034527.0,1580035198.0,45,14,39,0.6888888888888889
1160,1580035065.0,1580035284.0,31,4,28,0.8709677419354839
1161,1580034884.0,1580034967.0,5,5,5,0.0
1162,1580034883.0,1580034964.0,5,5,5,0.0
1163,1580035031.0,1580035061.0,15,7,14,0.5333333333333333
1164,1580035061.0,1580035065.0,2,2,2,0.0
1165,1580034900.0,1580034920.0,2,2,2,0.0
1166,1580035160.0,6051095781.0,42,11,36,0.7380952380952381
1167,1580034886.0,1580034945.0,35,12,28,0.6571428571428571
1168,1580034945.0,1580035031.0,8,7,8,0.125
1169,3994361361.0,6051095782.0,43,9,38,0.7906976744186046
1170,1580034527.0,1580034879.0,8,7,8,0.125
1171,1580034886.0,1580034964.0,8,7,8,0.125
1172,1580035240.0,1580035284.0,6,3,5,0.5
1173,1580034817.0,1580034884.0,4,4,4,0.0
1174,1580034694.0,1580034905.0,5,5,5,0.0
1175,1580034896.0,1580035137.0,35,8,27,0.7714285714285715
1176,1580035284.0,3249304308.0,9,5,9,0.4444444444444444
1177,1344566974.0,1580034879.0,32,7,27,0.78125
1178,1580034748.0,1580034896.0,6,6,6,0.0
1179,1580034875.0,1580034920.0,4,4,4,0.0
1180,1580034899.0,1580035728.0,60,11,50,0.8166666666666667
1181,1580034527.0,1580034900.0,8,8,8,0.0
1182,1580035065.0,1580035240.0,31,9,27,0.7096774193548387
1183,1580034744.0,1580034883.0,4,4,4,0.0
1184,1344566974.0,1580035031.0,8,5,8,0.375
1185,1580034896.0,1580034964.0,4,4,4,0.0
1186,1580034875.0,1580034884.0,3,3,3,0.0
1187,1344566973.0,1580034967.0,2,2,2,0.0
1188,3994361361.0,3994361363.0,2,2,2,0.0
1189,1580034994.0,1580035198.0,34,7,27,0.7941176470588236
1190,1580034888.0,1580035021.0,5,5,5,0.0
1191,1580034773.0,1580035021.0,8,8,8,0.0
1192,1580034879.0,1580035065.0,33,12,28,0.6363636363636364
1193,444336013.0,1344566969.0,25,9,21,0.64
1194,1580034527.0,3994361361.0,10,9,10,0.09999999999999998
1195,1580034913.0,1580035042.0,9,5,8,0.4444444444444444
1196,444336014.0,1344566974.0,5,4,5,0.19999999999999996
1197,1580034817.0,1580034994.0,11,9,11,0.18181818181818177
1198,1580034888.0,3994361361.0,7,6,7,0.1428571428571429
1199,1580034896.0,3249304309.0,18,9,15,0.5
1200,1344566974.0,1580034737.0,43,8,35,0.813953488372093
1201,1344566966.0,6051095782.0,50,13,41,0.74
1202,1344566966.0,1580034527.0,47,10,39,0.7872340425531915
1203,1580034913.0,1580035021.0,5,5,5,0.0
1204,1580034773.0,1580034920.0,5,5,5,0.0
1205,1344566966.0,1580035061.0,19,9,17,0.5263157894736843
1206,1580034527.0,1580034884.0,7,7,7,0.0
1207,1580034773.0,1580035728.0,60,11,51,0.8166666666666667
1208,1344566969.0,1580035065.0,31,11,26,0.6451612903225806
1209,1580034875.0,3249304311.0,52,12,43,0.7692307692307692
1210,1580035728.0,3249304308.0,50,11,42,0.78
1211,1580034905.0,1580035728.0,63,7,50,0.8888888888888888
1212,1580034896.0,1580035042.0,12,6,10,0.5
1213,1580034888.0,1580034913.0,15,5,13,0.6666666666666667
1214,1580034886.0,1580034918.0,56,5,47,0.9107142857142857
1215,1580035137.0,1580035240.0,23,6,20,0.7391304347826086
1216,1344566966.0,1580034905.0,3,3,3,0.0
1217,1580034945.0,1580035240.0,30,9,26,0.7
1218,1580035240.0,3994361363.0,6,6,6,0.0
1219,1580034920.0,3249304311.0,51,11,43,0.7843137254901961
1220,1344566966.0,1580034920.0,6,5,6,0.16666666666666663
1221,1580034896.0,1580035031.0,10,7,10,0.30000000000000004
1222,1344566969.0,1580034888.0,8,4,7,0.5
1223,1580034817.0,6051095782.0,52,15,42,0.7115384615384616
1224,444336014.0,1580034905.0,21,8,18,0.6190476190476191
1225,1344566966.0,1580034964.0,5,4,5,0.19999999999999996
1226,1580034875.0,1580035021.0,8,8,8,0.0
1227,1580034905.0,1580035284.0,49,7,39,0.8571428571428572
1228,1580034879.0,1580034905.0,3,3,3,0.0
1229,1580034773.0,3249304311.0,52,14,44,0.7307692307692308
1230,1580034900.0,3249304309.0,27,10,24,0.6296296296296297
1231,1344566969.0,1580035061.0,30,10,25,0.6666666666666667
1232,1344566966.0,3249304311.0,53,13,43,0.7547169811320755
1233,1580034875.0,3249304309.0,26,10,19,0.6153846153846154
1234,1580034994.0,1580035065.0,6,5,5,0.16666666666666663
1235,1580035240.0,3249304308.0,48,9,39,0.8125
1236,1580034748.0,3249304311.0,51,14,44,0.7254901960784313
1237,444336009.0,1580034773.0,7,4,6,0.4285714285714286
1238,1580034905.0,1580035350.0,41,9,32,0.7804878048780488
1239,1580035042.0,6051095782.0,31,6,28,0.8064516129032258
1240,1344566966.0,1344566969.0,2,2,2,0.0
1241,1580034918.0,1580035021.0,6,6,6,0.0
1242,1580034886.0,1580034994.0,13,8,13,0.3846153846153846
1243,1580034945.0,1580035688.0,44,9,37,0.7954545454545454
1244,1580034694.0,1580035198.0,54,15,40,0.7222222222222222
1245,1580034900.0,1580034913.0,3,3,3,0.0
1246,1580034527.0,6051095782.0,54,15,43,0.7222222222222222
1247,1580034884.0,1580035350.0,38,10,31,0.736842105263158
1248,1580034737.0,1580035021.0,10,10,10,0.0
1249,1580034886.0,1580035350.0,38,6,34,0.8421052631578947
1250,1580034773.0,1580035160.0,19,8,16,0.5789473684210527
1251,1580035240.0,3994361361.0,5,5,5,0.0
1252,1580034817.0,1580035061.0,36,12,27,0.6666666666666667
1253,1580034884.0,1580034900.0,2,2,2,0.0
1254,1580034694.0,1580035350.0,48,12,36,0.75
1255,1580034875.0,1580035198.0,48,11,37,0.7708333333333334
1256,1580034527.0,1580035031.0,12,12,12,0.0
1257,1580034918.0,1580035688.0,3,3,3,0.0
1258,1580035160.0,3249304311.0,48,6,42,0.875
1259,444336014.0,1580034899.0,5,5,5,0.0
1260,1580034913.0,1580035160.0,23,7,19,0.6956521739130435
1261,1580034737.0,1580035728.0,59,13,51,0.7796610169491526
1262,3249304311.0,6051095782.0,9,5,9,0.4444444444444444
1263,1580034744.0,1580035175.0,49,10,32,0.7959183673469388
1264,444336013.0,1580034900.0,19,7,17,0.631578947368421
1265,1580035061.0,3249304309.0,5,3,4,0.4
1266,1344566973.0,1580034748.0,40,7,34,0.825
1267,444336013.0,1580035350.0,9,3,8,0.6666666666666667
1268,1580034875.0,1580034888.0,7,4,7,0.4285714285714286
1269,1580034967.0,1580035137.0,11,4,9,0.6363636363636364
1270,1580034920.0,1580034967.0,3,3,3,0.0
1271,1580034883.0,1580034918.0,58,10,48,0.8275862068965517
1272,1580035065.0,1580035350.0,15,7,14,0.5333333333333333
1273,444336013.0,3994361361.0,4,4,4,0.0
1274,1580035021.0,1580035042.0,12,5,10,0.5833333333333333
1275,1580034748.0,1580034918.0,54,9,48,0.8333333333333334
1276,1580034773.0,1580034884.0,3,3,3,0.0
1277,1580034879.0,1580034913.0,17,6,15,0.6470588235294117
1278,1344566974.0,1580034886.0,31,7,26,0.7741935483870968
1279,444336014.0,1580034748.0,46,10,39,0.782608695652174
1280,1580035240.0,1580035688.0,2,2,2,0.0
1281,1580034694.0,3249304311.0,56,16,44,0.7142857142857143
1282,1344566973.0,1580034879.0,17,4,16,0.7647058823529411
1283,1344566969.0,1580034964.0,6,5,6,0.16666666666666663
1284,1580035021.0,1580035198.0,37,9,34,0.7567567567567568
1285,1580034817.0,1580035065.0,43,12,30,0.7209302325581395
1286,444336009.0,1580034964.0,6,6,6,0.0
1287,3994361361.0,6051095781.0,38,8,33,0.7894736842105263
1288,1580034913.0,1580034920.0,2,2,2,0.0
1289,1580034879.0,1580035175.0,14,5,13,0.6428571428571428
1290,1580034920.0,1580034945.0,24,8,21,0.6666666666666667
1291,1580034879.0,1580034886.0,2,2,2,0.0
1292,1580034737.0,1580035240.0,43,11,35,0.7441860465116279
1293,1580034896.0,1580034905.0,6,3,6,0.5
1294,1580034899.0,1580034913.0,8,7,8,0.125
1295,444336014.0,1580035021.0,5,5,5,0.0
1296,1580034527.0,1580035688.0,47,14,41,0.7021276595744681
1297,444336013.0,1580034879.0,34,10,29,0.7058823529411764
1298,1344566974.0,1580035728.0,63,8,51,0.873015873015873
1299,1344566966.0,1580035065.0,24,10,20,0.5833333333333333
1300,1580034737.0,1580034918.0,54,10,48,0.8148148148148149
1301,444336013.0,1580034920.0,10,6,9,0.4
1302,444336014.0,1580035065.0,5,4,5,0.19999999999999996
1303,1580034694.0,1580035160.0,9,8,9,0.11111111111111116
1304,1580034875.0,1580034945.0,18,9,15,0.5
1305,1580035021.0,1580035061.0,14,6,13,0.5714285714285714
1306,1580034896.0,1580034945.0,14,8,12,0.4285714285714286
1307,1344566974.0,1580034883.0,25,5,22,0.8
1308,1580034875.0,1580034886.0,27,6,22,0.7777777777777778
1309,1344566974.0,1580035042.0,5,4,5,0.19999999999999996
1310,1580034913.0,1580034994.0,6,3,6,0.5
1311,1580034883.0,1580035137.0,27,9,22,0.6666666666666667
1312,1580035021.0,1580035728.0,59,6,50,0.8983050847457628
1313,1580034694.0,1580035284.0,49,11,40,0.7755102040816326
1314,1580034884.0,1580034913.0,6,4,5,0.33333333333333337
1315,1580034888.0,1580035198.0,50,13,41,0.74
1316,1580034773.0,1580034905.0,5,5,5,0.0
1317,444336009.0,6051095781.0,46,12,37,0.7391304347826086
1318,1344566973.0,3249304311.0,54,12,43,0.7777777777777778
1319,1580034905.0,1580035160.0,4,4,4,0.0
1320,1344566974.0,1580034694.0,36,9,32,0.75
1321,1344566974.0,1580034945.0,6,6,6,0.0
1322,1580035042.0,1580035350.0,15,5,14,0.6666666666666667
1323,1580034817.0,1580034918.0,58,7,48,0.8793103448275862
1324,1580034527.0,1580034918.0,57,12,49,0.7894736842105263
1325,1580034888.0,1580034896.0,13,4,12,0.6923076923076923
