,source,target,dist
0,1580034748,1580034964,0.41804863588115476
1,1580034899,1580035065,0.7905922178765074
2,1580034899,1580034945,0.9505474644506708
3,444336009,1580034945,0.6182389335679382
4,1580034744,1580034875,0.20796859610033183
5,1580035160,3249304308,0.8079446893557611
6,1580034879,6051095782,0.8794172491943426
7,444336014,1580035728,1.5937718149044207
8,1580034994,3994361361,0.15059432167002954
9,1580034773,1580035198,0.8769768487085576
10,1580034737,6051095782,0.8702552284050376
11,1580034918,3249304311,1.9261587599093453
12,444336013,1580034905,0.43403459784074283
13,1580034884,1580034964,0.18971436221586835
14,1580034900,1580035728,1.8080020655427307
15,1580034744,1580034879,0.30342248955275264
16,1580034888,1580035160,0.43759574651200595
17,1580034694,6051095781,1.1494554043586775
18,1580035065,3249304311,0.4800369120136173
19,1344566969,1580034817,0.21073699712162797
20,1580034905,1580034918,1.1978550868771096
21,1580034879,3249304309,0.7709542616162871
22,1580034920,1580035198,0.6353944134719288
23,1580034896,3249304311,0.7208495500750672
24,444336009,1344566973,0.5189838677287637
25,1580034964,1580035061,0.22965966358429038
26,1580035240,3249304311,0.8309324586652387
27,444336013,1580035175,0.5493731651573541
28,444336013,1580034888,0.49356047928241514
29,1580034964,1580035065,0.24827632371644687
30,1580034994,6051095782,0.39932774234266966
31,1580034694,1580034884,0.5184741759345145
32,1580034967,3249304311,0.7632295143105773
33,1344566973,1580035175,0.3366413892687405
34,444336014,1580034884,0.4548774540273302
35,444336013,1580034886,0.5784408977460722
36,1580034900,3994361361,0.24378568081627186
37,444336013,1580035021,0.2199324873533321
38,1580034899,1580035160,1.2953008902871679
39,1580034817,1580034875,0.28893595861264376
40,1580034994,1580035031,0.22725464508047008
41,1344566966,1580035284,0.8794774941906611
42,1580034945,6051095781,0.4372237575664846
43,1580034527,3249304311,1.9927199181433066
44,1580034773,1580035065,0.5317443317108622
45,3249304309,3994361363,0.49524542663976356
46,1580034905,1580035031,0.1668633394853356
47,1580034744,1580034913,0.31141690493722085
48,1580034694,1580035137,1.3484417583888768
49,1580034875,1580034883,0.07286106356325248
50,1344566969,1580034913,0.43416465053120784
51,444336014,1580035350,0.23105294865787535
52,1580035042,1580035061,0.005929828923335851
53,1580034527,1580034748,1.0407696059212226
54,1580034748,1580034920,0.3266684517035946
55,1580034899,3994361363,1.063118587015769
56,3249304309,3994361361,0.4395608809157239
57,1580034737,1580035160,0.757754869803869
58,1580034945,1580034967,0.40401633308789076
59,1344566974,1580034899,0.9156015415068899
60,1580034899,1580035175,1.355445478278332
61,444336014,1580034900,0.3991527449724116
62,1580034817,3249304309,0.8163694261425031
63,444336009,1580035065,0.49551700725808767
64,444336013,1580034694,0.8489782257370448
65,444336014,1580034744,0.5868895412773851
66,1580034888,1580035031,0.22638922092700792
67,1580034886,1580035042,0.5712726994539699
68,1580035175,1580035688,0.8332227247951192
69,1580034748,3994361361,0.5342899218727586
70,1580035240,1580035350,0.1454696719038375
71,1580034744,1580034886,0.36633165348608154
72,1580034744,3249304308,0.81402082755587
73,1580034737,1580035175,0.817899457795033
74,1344566973,6051095782,0.6810218698899335
75,1344566974,1580035137,0.971730752679946
76,444336013,1580034527,1.495304715366299
77,1580034884,6051095782,0.7118529639581919
78,1580034694,1580034918,1.6978235299742765
79,1344566966,1580034994,0.34985799393724953
80,1580034888,1580034920,0.22829219779484186
81,444336009,444336014,0.5668499517083759
82,444336013,6051095782,0.36479492794507185
83,1580034905,1580034945,0.5741348149139835
84,1344566969,1580035284,1.0391420347508438
85,444336014,6051095781,0.4024662197699215
86,1580035728,3994361363,1.6570424488156597
87,1580034748,1580035198,0.8640958947338223
88,1344566969,1580034875,0.33306685282051773
89,1580034905,1580035061,0.4327962284719766
90,1580034773,1580034883,0.15416885811825232
91,444336013,1580034913,0.18388781042907826
92,1580034748,1580034884,0.22833427366528644
93,1344566973,1580034773,0.3899782926759297
94,1580035198,1580035728,1.9133772579920247
95,1580034879,1580035728,1.7883832346781672
96,1580034737,1580035031,0.546548344218871
97,1580034527,1580034896,1.2718703680682395
98,1580034879,1580034918,1.268842817935796
99,1580034888,1580035728,1.7510868006081874
100,1580035031,1580035198,0.6406328593422778
101,1580034964,3249304308,0.5496141451426276
102,1580034737,1580035198,0.8843057003241753
103,1344566966,3994361361,0.2101144654930049
104,1580034884,1580035728,1.870172032933931
105,1580034744,1580035350,0.815068899237853
106,1580034896,6051095781,0.5180811490537711
107,1580034883,1580035350,0.6799613667007737
108,444336013,1580035688,1.23339867843516
109,1580034945,1580035065,0.15995524657416352
110,1580035198,6051095781,0.17706291298901247
111,1580035160,1580035284,0.6761286374111863
112,1580034964,1580035160,0.36696661662188135
113,444336013,1580034817,0.5762720778786111
114,1580035061,3994361361,0.1982251632830654
115,1580034817,3249304308,0.8949881900681818
116,1344566966,1580034913,0.3500033469442399
117,1580034964,1580035350,0.5506622168246105
118,1580034527,1580034744,1.0
119,1580034737,1580035061,0.5204565231943235
120,1580034883,1580035031,0.34856989853977605
121,444336009,6051095782,0.8266990523366453
122,1580035021,6051095782,0.5684928231952799
123,444336014,1580034913,0.2754726363401643
124,3249304308,3249304309,0.07861876392567871
125,1580034920,1580035160,0.4583468007994415
126,1580035728,6051095782,2.0501515687605787
127,1580034875,1580035137,1.1141346236600271
128,1580034920,6051095781,0.5674304074665546
129,444336013,3249304309,0.25633194036701634
130,1344566969,1580034694,0.5100408327197269
131,1580034875,1580034905,0.27072858194753907
132,1580034694,1580035175,0.9640174806116303
133,1580035284,6051095781,0.29330419898061644
134,1580034817,1580035240,0.7008109167758408
135,1580034817,1580034905,0.2264991919520335
136,1580034905,1580035688,1.2262419553804518
137,1580034886,6051095782,0.9270012335880198
138,444336009,1580034744,0.017165998871601657
139,1580034875,6051095782,0.6358964551079151
140,1344566974,3994361361,0.2074579480363
141,1344566969,6051095782,0.9088502768401019
142,1580034899,1580035021,1.0260048004743099
143,1344566974,1580035065,0.12500932363038258
144,1580034964,1580035284,0.7097501267057462
145,1580034964,1580035042,0.22372983466095453
146,1344566966,1580034883,0.3625371749878075
147,444336014,3249304311,0.6052346207912176
148,1580034737,1580034744,0.06072217493999407
149,444336009,1580034913,0.2942509060656192
150,1580034888,1580034967,0.2277461677488453
151,1580034879,1580034900,0.22942442121771395
152,1580034945,3249304311,0.6399921585877808
153,1344566974,1580034920,0.1651525728438507
154,1580034896,1580035021,0.30934849339695714
155,1344566973,1580034744,0.5015606322855805
156,1580034527,1580035061,1.494066345997533
157,1344566966,1580035137,0.6787363851089669
158,1580034920,1580035350,0.592547789582397
159,1580034884,1580034994,0.31252522161552215
160,1344566966,1580035350,0.5285876851577367
161,1580034527,1580035160,1.7783146701347383
162,1580035240,6051095782,0.8329023744178707
163,1344566969,1580035175,0.4614900595756074
164,1580035284,3249304309,0.23875474548879733
165,1580034900,1580035061,0.3063295496925593
166,1580034884,1580035065,0.38067091887963433
167,1580034920,1580035688,1.3065188911095595
168,1580034918,3994361361,1.2382326221873714
169,1580035137,3994361361,0.8888508506019718
170,1580034748,3249304308,0.8202011991623077
171,1344566966,1344566973,0.06816386638998594
172,1344566969,1580034994,0.5095225344974323
173,1580034875,1580035061,0.28609774989720105
174,1580034875,1580034994,0.23656871276524533
175,1580034817,1580035160,0.6045690570223672
176,444336014,3249304308,0.4265355302037811
177,1344566966,6051095781,0.6952722021936828
178,1580034896,1580034920,0.12029778241037362
179,1580034896,1580035198,0.5860451550591453
180,1580035031,3249304311,0.7754372543581997
181,1344566973,1580035688,1.1246688915876946
182,1580034527,1580035021,1.5564887686114006
183,1580034694,1580034773,0.3612098725292379
184,3249304311,3994361363,0.7525632811528788
185,444336014,1580034817,0.6678569037896972
186,1580034883,1580034899,1.1681676914691173
187,444336013,1344566973,0.3324615340479856
188,1580034920,1580034964,0.09138018417756016
189,1580035284,3994361361,0.6783156264045213
190,1580034967,1580035021,0.06275424822851022
191,1580035031,1580035042,0.27085385328908995
192,1580035175,1580035284,0.6611792718961873
193,1580034883,1580035175,0.6199210121159381
194,1344566966,1580034694,0.6697053732799098
195,1580034527,6051095781,1.7899515171220106
196,1580034737,1580034748,0.02020980559035315
197,1580034744,6051095782,0.8438650512082468
198,1580034899,3249304308,1.0919300393026883
199,1580034527,1580034913,1.311416904937221
200,1344566969,1580034737,0.36392280990312986
201,1580035175,6051095781,0.8440199669130655
202,1580034913,1580035137,1.0287397320532068
203,1580034527,1580035728,3.0918057242309196
204,1580034748,1580034913,0.3175972765436585
205,1580035688,3994361361,1.136038939305557
206,1580034886,6051095781,0.8730876995017833
207,1580034920,1580035728,1.7718378548956228
208,1580035021,3249304309,0.4600298356172243
209,1344566969,1580034748,0.34371300431277674
210,1344566973,1580035240,0.3727386610310501
211,1580034899,1580035031,1.08409436470217
212,1580034875,3249304308,0.6060522314555383
213,1580035350,1580035728,1.3627188662465455
214,1580034886,3994361363,0.44361450852514506
215,1580034694,1580034994,0.8040411961022443
216,1580034527,1580035350,1.8150688992378532
217,1580034905,1580035137,0.8484733152917101
218,1580034896,1580035350,0.5431985311696136
219,1580035065,1580035198,0.3452325169976954
220,1580034744,1580034748,0.040769605921222495
221,1580034883,1580035198,0.7228079905903054
222,444336014,1580034964,0.32248285886414274
223,1580034817,1580034964,0.408884702552284
224,1580034879,1580034994,0.480089506851673
225,1580034883,1580034913,0.17630937240014152
226,1580034737,1580034879,0.2828626892218833
227,1580034744,1580034773,0.11183957618123225
228,1344566974,1580034884,0.25566159524925175
229,444336013,1344566974,0.10763103286699244
230,1580034964,1580034967,0.03491627858051313
231,1580034737,3994361363,0.6101842731871515
232,1580034884,1580034888,0.13875378921901446
233,1580034886,1580035061,0.5772025283773057
234,444336013,1580034884,0.36329262811624413
235,1580035160,1580035240,0.09624185975347364
236,1344566974,1580035284,0.5864831266196819
237,1580035688,3249304309,1.4763696173964598
238,1580034913,1580034967,0.21519225803983819
239,1580035175,3249304311,0.9122249529037132
240,444336009,3249304311,0.975553919271705
241,1580034748,1580035065,0.5188633777361269
242,1580034913,3994361363,0.33939927132242553
243,1580034888,1580035137,0.9079991967333825
244,444336009,1580035031,0.5842741434213421
245,1580034888,3994361363,0.35873409006148815
246,1344566973,1580034884,0.29127786331079725
247,1580034920,6051095782,0.621343941552791
248,1580034905,3249304311,0.9314498006177504
249,1580035137,1580035160,1.0233970527765293
250,444336009,1580034899,1.286109225134595
251,444336009,1580034920,0.36509328411731523
252,1580034773,1580034994,0.46359863444675015
253,1580034879,1580035042,0.5236887150602928
254,1580034817,6051095781,0.8709188796343221
255,1580034748,1580035688,1.5857171545236342
256,1580035021,1580035350,0.5110076214701692
257,1344566966,1580034744,0.5438899142226005
258,1580035728,3249304311,2.048181653007947
259,1580034964,1580035137,0.8484637525938818
260,1580034879,3249304311,1.0282721161294024
261,1580035065,1580035160,0.5047086724106604
262,1580034773,1580034945,0.6544662580207128
263,1344566974,1580034817,0.4686410450116187
264,444336013,1580035042,0.009066393811021966
265,1344566974,1580035061,0.10639266349822611
266,1580034773,1580034899,1.3223365495873693
267,1580035160,3994361363,0.34355139471947826
268,1580034945,3249304309,0.3826743040746655
269,1580034913,1580035350,0.5036519943006321
270,1580034899,1580035688,2.1247712124544575
271,1580034900,1580034905,0.1326021057060618
272,1580034744,1580035042,0.488136517074197
273,1580035042,1580035160,0.48016218335516814
274,1344566969,1580035021,0.35120824687060714
275,1580034694,1580034883,0.5153787306474902
276,1580034879,1580034899,1.3388274219922924
277,1344566966,1580035031,0.13345414208256434
278,1580035284,3249304311,0.25104568100752583
279,1580034694,6051095782,1.203368938444914
280,1580035021,1580035240,0.3655379495663317
281,1580034748,1580035350,0.8212492708442907
282,1580034737,1580034886,0.3457718531552122
283,1580035175,1580035728,1.2985416885811825
284,1580035160,1580035175,0.06014458799116407
285,1580035042,1580035240,0.5577022749658134
286,1580034886,1580034905,0.159731479444981
287,1580034888,1580035284,0.9724125730351048
288,1580034913,1580034918,1.3781215036386065
289,1580034920,3249304309,0.5128809539747354
290,1580034737,1580034875,0.23435877329712257
291,1580034875,6051095781,0.5819829210216787
292,1580034773,1580034817,0.061906036931139004
293,1580034744,1580035021,0.5564887686114006
294,3994361363,6051095782,0.605606609736739
295,1580034883,1580035061,0.35895881346045355
296,444336013,1580035284,0.49508668585581367
297,1580034918,1580035061,1.4275051877635716
298,444336014,1580034527,1.5868895412773851
299,1580034994,1580035728,1.7332504566188212
300,1580035688,1580035728,0.46531896378606336
301,1580034994,1580035061,0.04952903713195567
302,1580035688,6051095781,1.530919070888279
303,1580034913,6051095782,0.532448146271026
304,1580035031,6051095781,0.5726688533369035
305,1580034694,1580034817,0.2993038355980989
306,1580035021,6051095781,0.5145792891090435
307,1344566969,1580034967,0.2944756294645845
308,1580034913,1580035031,0.3360360704962083
309,1580034888,1580034964,0.2626624463293584
310,1580035137,3249304309,1.3194591338108308
311,1580034900,1580034994,0.2568005125606036
312,1580034888,1580035061,0.4923221099136489
313,3994361363,6051095781,0.5516930756505025
314,1580035198,1580035350,0.5506583917454793
315,1580034918,1580035031,1.1615722987769308
316,1344566973,1580034888,0.16109894523442952
317,1580034900,1580034964,0.12754439482466792
318,1580034744,1580034900,0.33127384697770934
319,1580035031,6051095782,0.62658238742314
320,3249304308,6051095781,0.0240693104338596
321,1580034879,6051095781,0.8255037151081062
322,1580034905,6051095782,0.7825949336826907
323,444336009,1580034896,0.25470436919663775
324,1580034884,1580034886,0.23895938722232316
325,1580034886,1580034967,0.3126265862125023
326,1580034899,1580034918,2.2348158702533154
327,1580034744,3249304311,0.9927199181433066
328,1580034899,3249304311,1.2706291298901247
329,1580034879,3994361361,0.34034597840742836
330,1580035031,3249304309,0.5181193998450844
331,1580034967,1580035688,1.1802224283514864
332,1580034918,1580035042,1.4215753588402358
333,3249304308,6051095782,0.077982844520096
334,1580035021,1580035160,0.269296089812858
335,1580034875,1580035160,0.6326374876880265
336,1580034883,1580034888,0.14184923450603884
337,1580034920,1580035240,0.5545886605529151
338,1580034900,1580035198,0.6701787268224112
339,1580034945,1580035284,0.6214290495634629
340,1580035021,1580035688,1.1174681801229762
341,1580035137,1580035728,1.0745527048090806
342,1580034994,1580035284,0.5296195002534115
343,1580034737,1580034896,0.29826054526503015
344,1580034694,1580034920,0.6168083539728226
345,1580035137,1580035175,0.9805619041243916
346,1580034879,1580035061,0.5296185439836286
347,1580034527,1580034694,1.3536735103707458
348,1344566969,1580034918,1.1877826972545495
349,444336014,1580034737,0.6074493416082545
350,1580035042,3249304308,0.3258843104816731
351,1580034527,1580035137,2.222883535903149
352,1580035198,3249304311,0.1348043950159219
353,1580034694,3994361361,0.7693266904459086
354,1580034744,1580035284,0.9741568091189887
355,444336009,1580034883,0.26366366079198267
356,1580034875,1580035175,0.6927820756791906
357,1580035021,3994361361,0.018570759182580592
358,1580034884,1580034918,1.3875598863951497
359,444336013,6051095781,0.31088139385883545
360,1344566973,1580034527,1.5015606322855803
361,1580035198,1580035688,1.4480582942059614
362,444336014,1344566966,0.49221022634905764
363,1580034883,3249304311,0.8576123856062273
364,444336009,1580035198,0.8407495242557831
365,1580034773,1580034875,0.2270299216815048
366,1580034967,6051095781,0.5604611132892812
367,1580034875,1580034913,0.10344830883688905
368,1580034884,6051095781,0.6579394298719554
369,1344566966,1344566974,0.2929943675709791
370,1580035065,3994361361,0.2168418234152219
371,1580035021,1580035175,0.3294406778040221
372,1580034964,1580035031,0.15576009103688332
373,1580034817,1580035175,0.6647136450135313
374,1344566966,1580034896,0.3814053340728486
375,1580034964,3249304309,0.4709953812169489
376,1580034694,1580035240,1.0001147523739398
377,1580034884,1580035240,0.6529228385912232
378,1580034773,1580034967,0.38189494420165815
379,1580034694,3249304309,1.0949059508668584
380,1580034744,1580034920,0.36743805762481707
381,1580035042,1580035728,1.774951469308521
382,1580034879,1580034964,0.29995888039933827
383,1580034817,1580034883,0.2160748950493913
384,1580034744,1580034964,0.45881824180237724
385,1580034920,3994361361,0.2076214701691641
386,1580035688,6051095782,1.5848326049745154
387,1344566973,1580034896,0.31324146768286265
388,1580035061,6051095782,0.34979870521071404
389,1580034748,1580034817,0.13297600719114874
390,1580034744,1580035031,0.5671081445497403
391,1580034737,1580034888,0.32015912329186313
392,1580034748,1580035061,0.5002467176039704
393,1580034737,3249304311,1.019110095340097
394,1580034773,1580034964,0.34697866562114504
395,1580034879,1580035137,0.9194610463503964
396,1580034967,1580035728,1.6455413921375497
397,1580034888,1580034905,0.05952588144167232
398,1580034883,1580035021,0.2904803343119161
399,1580034748,1580034994,0.45071768047201477
400,1344566973,1580035061,0.33122316467921936
401,1580035284,3994361363,0.734000172128561
402,1580034744,1580034817,0.17374561311237124
403,1580034817,1580035688,1.4527411473324854
404,444336014,1580035160,0.47276448031518653
405,1580034886,1580035065,0.5958191885094621
406,1580035160,1580035728,1.3134910540961815
407,1580035031,1580035350,0.45291805724230916
408,1580034913,1580035284,0.6627399041817679
409,1344566969,1580034884,0.2571103439702409
410,1344566969,1580034900,0.3104845418989605
411,1344566973,1580035042,0.3252933357558835
412,1344566966,1580034748,0.5033775448729596
413,1580034886,1580035160,0.5224761649756628
414,1580034527,1580035240,1.8745565298882119
415,1580034737,3994361361,0.5544997274631118
416,444336014,1580035284,0.5866715117668997
417,1344566969,1344566974,0.45265890813116194
418,1580034737,1580034773,0.0912797758503629
419,444336014,1344566973,0.4240463599590717
420,1580035042,3994361361,0.19229533435972956
421,1580034773,1580035061,0.5131276715787058
422,1580034694,1580034967,0.6940233138573055
423,1580034964,3249304311,0.7283132357300641
424,1344566969,3249304311,1.0577051437751617
425,1580034527,1580034994,1.4445373088655773
426,1344566973,1580035137,0.7469002514989529
427,1580034527,1580034964,1.4588182418023774
428,444336013,1580035137,1.0793617855469386
429,1580035728,3994361361,1.60135790309162
430,1580034744,1580034994,0.44453730886557713
431,1580035061,1580035175,0.546236600269668
432,1580034748,1580035175,0.79768965220468
433,1580034883,1580034945,0.5002973999024606
434,1580035061,3994361363,0.2539097090071051
435,1580034905,1580034913,0.2562822143383091
436,1580034918,1580034945,1.5688437742055785
437,1580034817,1580034913,0.3923842674495328
438,1580034888,1580034918,1.257380968318782
439,1580034817,1580035031,0.3933625314373691
440,1580034527,1580034875,1.207968596100332
441,1580034748,1580034899,1.3094555956126341
442,1344566973,1580034737,0.4812580685262926
443,1580034945,1580035042,0.14726841536534288
444,1580034748,1580035728,2.0510361183096975
445,1580034994,1580035042,0.043599208208619816
446,1344566969,1580034883,0.2602057892572653
447,444336014,1580034945,0.24791963508745088
448,1580035031,1580035137,0.8121905271915313
449,1344566973,1580034899,1.1404320426878831
450,1580034896,1580034913,0.03954653686898147
451,1580034883,1580034920,0.10142962332533255
452,1580034900,1580035160,0.49451101144654924
453,1580034737,1580034913,0.3378070821340116
454,1344566973,3249304309,0.5725588823118779
455,1580034744,3994361361,0.5750595277939812
456,1580034884,1580034896,0.13985828081818444
457,1580034817,1580034879,0.12967687644038137
458,1580034884,1580035042,0.356124429824142
459,1344566974,1580034967,0.1581832786665774
460,1580035021,1580035137,0.8702800914193912
461,1580034773,1580035350,0.8341302248190259
462,1580034773,1580035284,0.9932181347001616
463,1344566974,1580034913,0.07625677756208582
464,1580034886,1580035198,0.9410517055071576
465,444336013,1580034918,1.4287435571323384
466,1344566973,3994361361,0.14195059910301894
467,1580034817,1580035042,0.5691038795865088
468,444336009,1580035160,0.7954806690063401
469,444336009,1580035728,2.108971723102522
470,1580034920,1580035175,0.5184913887906055
471,1580034900,1580035688,1.3426831017566674
472,1580035065,3994361363,0.27252636913926154
473,1580034694,1580035688,1.7520449829305842
474,1580035198,3994361361,0.5620743404129173
475,1580035175,1580035198,0.7774205578877913
476,444336013,1580035031,0.2780220515811921
477,1580034900,1580034918,1.3253899190039493
478,1580034964,1580035175,0.4271112046130454
479,1580034918,1580035137,0.3493817715853996
480,1580034694,1580034737,0.33311371003987644
481,1580035160,1580035350,0.24171153165731113
482,1580034527,1580034905,1.4002448050644047
483,1580034918,1580034920,1.2892257083568412
484,1580034896,1580034918,1.4095234907672154
485,444336009,1580034748,0.057935604792824155
486,1580034884,1580035688,1.4048530691478678
487,1580034527,1580034945,1.63540493243954
488,444336014,1580034920,0.36436843162192917
489,444336014,1580034883,0.45178200874030583
490,1580034875,1580034899,1.0953066279058647
491,1580034883,1580034905,0.19786751838428657
492,1580034920,1580035065,0.29016189647423335
493,444336013,1580034899,0.8242051007430216
494,1580034994,3249304311,0.5481826092777294
495,1580034964,1580035688,1.2151387069319997
496,1580034773,1580034900,0.2194342707964771
497,1580034737,1580035042,0.5145266942709876
498,1580035061,3249304308,0.3199544815583373
499,1580034886,1580034920,0.3284977957981505
500,1580035137,1580035198,1.441972593308024
501,1580034918,1580035198,1.7913543648934234
502,1580035021,1580035031,0.05808956422785996
503,1580034886,1580035284,1.0572929914987614
504,1580034905,1580035065,0.45141288860413303
505,444336013,1580034744,0.4953047153662991
506,1580034913,1580034964,0.18027597945932505
507,1580034896,1580035065,0.24081263806144992
508,1580034918,3994361363,1.293917167911411
509,1344566973,1580035198,0.6950723418090713
510,1580034527,1580034886,1.3663316534860814
511,1344566973,1580034883,0.2943733085978216
512,1580034744,1580034918,1.5722653074885486
513,1580034694,1580035031,0.6926663670354681
514,444336013,1580034945,0.15633480917636486
515,1344566974,3994361363,0.26314249376033966
516,1580034900,3994361363,0.2994702265403115
517,1580034900,1580035284,0.7864200128140152
518,1344566973,1580034918,1.0962820230843526
519,1344566966,1580034899,1.2085959090778688
520,1344566966,1580034884,0.35944172970078314
521,1580034817,1580035198,0.9388828856396965
522,1580034879,1580035031,0.26368565499698776
523,1580034945,1580035198,0.5051877635718589
524,1580034994,1580035688,1.2679314928327579
525,1580035175,3994361363,0.40369598271064233
526,1580034899,1580034905,1.2401069109617202
527,1580034899,1580035061,0.8092088780086638
528,444336009,1580034886,0.3834976523576832
529,1580034900,3249304308,0.6262840312508966
530,1580034918,1580034964,1.1978455241792811
531,1580034899,6051095782,1.121774262955065
532,1580034744,1580034899,1.3032752240061964
533,1580034875,1580034879,0.25200673213927116
534,1580034875,1580034964,0.2656708710661452
535,1580034875,1580034967,0.30058714964665834
536,1580034896,1580035284,0.7022864410507493
537,1580034737,1580035688,1.6059269601139872
538,1344566966,1580035160,0.34466066766756237
539,1580034899,1580034967,1.0718866246545473
540,1580034905,3994361361,0.24352366289577615
541,1580034899,1580034920,1.0788559188318207
542,1580034744,1580034888,0.3407189236227325
543,1580034918,3249304308,1.7474596693219089
544,1580034773,1580034886,0.25449207730484924
545,1580034884,1580035031,0.3454744532527516
546,1344566973,3249304308,0.6511776462375567
547,444336009,1580035042,0.47097051820259533
548,1580034945,1580034994,0.1889694280550429
549,1580034905,1580035175,0.4382144530614977
550,1580034817,1580035137,1.0491379227907778
551,1580034883,6051095782,0.7087575186711677
552,1580034737,1580034994,0.4709274860623679
553,1580035021,3249304311,0.7173476901303396
554,1344566969,1580035137,0.8384009256691498
555,1580034527,1580034773,1.1118395761812323
556,1580034899,1580035240,1.372840981897813
557,1580034900,3249304311,0.8049831218383331
558,1580034773,3249304309,0.7544633892113642
559,1580034879,3994361363,0.396030524131468
560,1344566969,3249304309,0.8003872892620464
561,1580035031,1580035728,1.5246975796811795
562,1580035042,1580035284,0.48602029204479164
563,444336013,1580035198,0.37884539986420973
564,1580034886,3249304311,1.0758561005230796
565,1580034817,1580035350,0.8462805886796784
566,444336013,1580034994,0.05076740650072198
567,1580034964,1580035021,0.09767052680902336
568,1580034967,3994361363,0.13700955313513047
569,1580034884,3249304308,0.682008740305815
570,1580034905,3994361363,0.2992082086198158
571,1344566969,3249304308,0.8790060531877251
572,1580034773,1580034896,0.2909316936494124
573,1580034744,1580034967,0.49373452038289034
574,1580034896,1580035688,1.4268166735199332
575,1580034744,1580035688,1.6264867604448565
576,1580035350,3249304311,0.6854627867614012
577,1580034694,1580035042,0.8476404043108641
578,1580034886,1580035728,1.7781827049047076
579,444336009,1580034905,0.41741080393600644
580,444336014,1580034773,0.6059508668585581
581,1580034967,3249304309,0.505911659797462
582,1580034737,1580034967,0.473174720052021
583,1580034900,1580035031,0.2833044858615512
584,1344566969,1580034899,1.3682604496380515
585,444336014,1580034896,0.31501917320914574
586,1580034879,1580034945,0.6709571304256357
587,1580034748,1580034883,0.22523882837826206
588,1580034899,1580035198,1.1358247348742028
589,1344566973,1580034875,0.36723437216107413
590,444336014,1580034875,0.3789209451770533
591,1580034737,3249304309,0.7617922408269819
592,1580034920,1580034994,0.22201619921012117
593,1580034884,1580034899,1.1712631367561417
594,444336014,1344566969,0.6518747669092405
595,1344566973,1580034694,0.6273760913428896
596,1580034748,1580034875,0.21414896770676944
597,1580034945,3994361361,0.3395637497250724
598,1580035042,3249304309,0.24726554655599436
599,1580035160,1580035688,0.8481720903101182
600,1580034886,1580035688,1.3128637411186443
601,1580034748,1580035137,1.1821139299819263
602,1580034945,1580035137,1.2175638071012593
603,444336009,1344566969,0.4016486091056009
604,1580034994,6051095781,0.34541420825643326
605,1344566973,1580034945,0.4725617511212264
606,1580035284,1580035350,0.43441710575387527
607,1344566974,1580034527,1.3876736824993068
608,1344566966,1580035042,0.3934572021458694
609,1580034913,1580035198,0.5464986181901639
610,1580034896,1580034994,0.17266694079733774
611,1580034967,1580035031,0.12084381245637019
612,1580034994,1580035160,0.4384611706654681
613,1580034879,1580035240,0.5711340403354594
614,1580035728,6051095781,1.9962380346743422
615,444336013,1580035065,0.0336128828665143
616,1580035061,1580035284,0.4800904631214558
617,1580034888,1580035065,0.5109387700458053
618,1580035284,1580035688,1.3318170082143572
619,1580034737,1580034884,0.2485440792556396
620,1580034913,1580035728,1.860733650177388
621,1344566969,1580034744,0.38422537366241766
622,1344566973,1580035021,0.12337983992043836
623,444336014,1580035061,0.10658104864544385
624,1580034967,1580035350,0.5737618696986794
625,1344566966,3994361363,0.2657990112170445
626,1344566966,1580034900,0.29727176230958274
627,1580034883,3249304309,0.600294531093112
628,1580035031,1580035284,0.7568741453338818
629,1580034886,1580035175,0.4796410163235252
630,1580034737,6051095781,0.8163416943188011
631,1580034883,1580035688,1.4079485144348922
632,1580034748,1580035160,0.737545064213516
633,1580034817,1580034886,0.19258604037371024
634,1580035061,1580035137,1.0762252206592524
635,444336014,3994361361,0.29294655408183756
636,1580034875,1580034918,1.4635163952454269
637,1580035061,1580035688,1.3155623344457936
638,3249304308,3994361361,0.5181796448414026
639,1344566973,1580034964,0.1015635010949289
640,1580034886,3994361361,0.3879299628011054
641,1344566974,1580034896,0.11580331443106728
642,1580034773,1580035240,0.7627169537069798
643,1580034737,1580034964,0.4382584414715079
644,1580034773,3994361363,0.5189044973367887
645,1580034737,1580035137,1.2023237355722798
646,1580034967,1580035175,0.39219492603253225
647,1580034694,1580034886,0.4918898759718092
648,1344566966,1580034945,0.5407256175112123
649,1580035065,1580035137,1.0948418807914089
650,1580035175,6051095782,0.8979335009993019
651,1580034737,1580034945,0.6617951096363305
652,1580035198,1580035240,0.6961280636493168
653,444336009,1580035021,0.5541439951038987
654,1580034899,1580035042,0.8151387069319996
655,1580034896,1580035175,0.6387891712009791
656,1580034883,1580034884,0.0030954452870243752
657,1580034744,1580035160,0.7783146701347383
658,1580034737,3249304308,0.8404110047526607
659,1580035061,3249304311,0.49865357214577377
660,1580035137,1580035688,0.6092337410230173
661,1580035065,1580035688,1.3341789945779503
662,1580034888,6051095782,0.8421208151243629
663,1580034918,1580034994,1.377976150631616
664,1580035031,3994361363,0.13234486913448024
665,1580034994,3994361363,0.2062788673940692
666,444336009,3249304309,0.7182360647585897
667,1344566969,6051095781,0.8549367427538654
668,1580034896,3249304308,0.5421504594876307
669,1580035350,3994361361,0.5239995027397129
670,3249304311,6051095781,0.3118673080049344
671,1580034879,1580034888,0.037296434069979824
672,1580034913,3249304308,0.5026039226186492
673,1344566969,1580035160,0.5043252082277452
674,1580034913,1580035688,1.3954146863913246
675,1580035198,1580035284,0.11624128599160395
676,1580035350,3994361363,0.5796840484637525
677,1580035198,6051095782,0.2309764470752489
678,1580034883,1580035240,0.6560182838782477
679,1580034896,1580034899,1.0314048559379572
680,1344566973,1580034900,0.22910789591959682
681,1580034964,3994361363,0.17192583171564363
682,1580034913,1580035240,0.6434844558346801
683,1580034817,1580034967,0.3947194782592065
684,1580034773,3994361361,0.463219951612749
685,1580034945,1580035160,0.6274305987205111
686,444336013,1580034875,0.2873361192659673
687,1580034527,1580035284,1.9741568091189887
688,1580034883,1580035160,0.559776424124774
689,1580034918,1580035284,1.9075956508850274
690,1580035688,3249304311,1.5828626892218833
691,1580034918,1580035175,1.329943675709791
692,1580034884,1580035160,0.5566809788377496
693,1580034920,3994361363,0.2633060158932038
694,1580034913,1580035061,0.18264944106031197
695,1580034744,3994361363,0.6307440735180209
696,1344566974,1580034888,0.38592944641542265
697,1580035175,3249304308,0.8680892773469251
698,1580034899,3249304309,1.0133112753770095
699,1580034737,1580034905,0.37968500473353545
700,1580034817,1580034945,0.7163722949518516
701,1344566973,6051095781,0.6271083358036971
702,444336013,1580035061,0.014996222734357818
703,444336014,1580034918,1.5203283830434242
704,1580034886,1580034900,0.2923335851510428
705,1580035031,1580035240,0.3074483853384717
706,1580034905,1580035021,0.22495290371319557
707,1580034900,6051095781,0.602214720817037
708,1580034744,1580035728,2.09180572423092
709,1344566969,1344566973,0.22782840695016876
710,1580034920,1580035137,0.939843936771442
711,1344566973,1580035160,0.2764968012775764
712,1580034748,1580034945,0.6415853040459775
713,1580035350,6051095781,0.6335191684277968
714,1580035175,1580035240,0.08129249423847457
715,1580035061,1580035728,1.780881298231857
716,1580034875,1580035031,0.42143096210302855
717,1580035350,6051095782,0.6874327025140332
718,1580035065,1580035728,1.7994979583640136
719,1344566966,3249304309,0.6407227487018637
720,444336013,3249304311,0.5136497948801316
721,1344566973,1580035284,0.8113136278006753
722,1580035284,1580035728,1.7971359720004205
723,1580035137,6051095782,1.4279221213888864
724,1580035031,1580035160,0.21120652558499803
725,1580034527,3249304309,1.7354020636301914
726,3249304308,3994361363,0.5738641905654422
727,1580034883,1580034886,0.24205483250934753
728,1580034945,1580035061,0.14133858644200703
729,1580034748,3994361363,0.5899744675967983
730,444336009,1344566974,0.37050768362770503
731,1580034527,3994361363,1.6307440735180208
732,1580034527,1580034883,1.2660084342994846
733,1580034967,3249304308,0.5845304237231408
734,444336014,1580034994,0.142352232411808
735,1344566966,1580035688,1.1350482438105436
736,1580035198,3994361363,0.617758886136957
737,1344566969,1580034527,1.3842253736624177
738,1580034899,1580035284,1.2520660208658068
739,1580035175,3249304309,0.7894705134212463
740,1344566974,1580034905,0.32640356497375034
741,1580034737,1580034900,0.31071404664684
742,1580034886,1580034888,0.1002055980033087
743,1344566966,1580035175,0.3018255190154246
744,444336013,1580035728,1.6987176422212233
745,1580035728,3249304309,1.941688581182523
746,1580034694,1580034964,0.7081885381503827
747,1580034905,1580035198,0.7966454056018285
748,1580034694,1580035065,0.8721868933663564
749,1344566969,1580035031,0.29311868264274715
750,1580035350,3249304308,0.6575884788616564
751,1580034527,1580035042,1.4881365170741971
752,1580034875,3994361361,0.38191215705774917
753,1580034748,6051095781,0.7961318887284481
754,1580034913,1580035175,0.6073871840723705
755,1580034888,1580034945,0.6336606963556559
756,1580035198,3249304308,0.20113222342287207
757,1580034888,3249304311,0.9909756820594227
758,1580034888,1580035350,0.6793072781693171
759,1580034694,3994361363,0.8250112361699483
760,1580034748,1580035240,0.8337869239669896
761,1344566966,1580035198,0.7632362081990571
762,1580034694,1580034899,1.6627791112428636
763,1580034913,1580034945,0.32398802750231903
764,1580034737,1580034920,0.3468782572939477
765,444336009,1580034900,0.32892907347020744
766,1580034817,1580034900,0.2813403077276161
767,1344566974,1580035160,0.4902336167079456
768,1580034694,1580034900,0.5806441433257149
769,1580034896,1580035061,0.22219597792929344
770,1580034945,1580035350,0.5595010184273188
771,1580034900,1580035137,0.9760081474185497
772,1580034905,1580034994,0.38326719134002085
773,1580034886,1580035031,0.3112696393906649
774,1580034896,6051095782,0.5719946831400076
775,1580035065,1580035175,0.5648532604018245
776,1580034888,1580035175,0.49774033450317
777,1580034896,1580035240,0.6748864429632887
778,444336009,444336013,0.46190412439157336
779,1580034920,1580035061,0.2715452363420769
780,1580034883,3249304308,0.6789132950187908
781,444336014,1580034967,0.3573991374446559
782,444336013,1580035240,0.4814684478785155
783,1580034817,1580034896,0.35283773058055135
784,1580034918,1580035160,1.3727788243619288
785,1580034883,1580034967,0.22772608608340586
786,1580034875,1580035240,0.7288793474415002
787,1580034888,3249304308,0.812276591471986
788,1580034964,1580034994,0.1801306264523347
789,1580034744,1580034905,0.4002448050644048
790,1580034527,1580034888,1.3407189236227324
791,1580034905,1580035240,0.4743117248238073
792,1344566974,1580034964,0.12326700008606427
793,444336014,1580035042,0.100651219722108
794,1580034748,1580034905,0.35947519914318227
795,1580034945,1580035728,1.922219884673864
796,3249304309,3249304311,0.2573178545131153
797,1580034886,1580035021,0.3693592036185248
798,1580034694,3249304308,1.1735247147925372
799,1580035137,3249304308,1.3980778977365096
800,1344566966,1580034875,0.43539823855105997
801,1580034694,1580034888,0.46627714610846016
802,1580034964,1580035198,0.5935088407141422
803,1580034905,3249304309,0.6741319461046351
804,1580035021,1580035065,0.2373107781167223
805,1580034994,1580035350,0.3705315903722758
806,1580034817,3994361361,0.47002285484780965
807,1344566974,1580034918,1.3211125242653456
808,1580034879,3249304308,0.8495730255419658
809,1344566974,1580034773,0.4067350080804797
810,1580034883,1580034900,0.06526541267822479
811,444336009,1580035350,0.7979029003662512
812,1344566974,1580035198,0.47024184062807795
813,1344566966,1580034773,0.43230757461294983
814,1580034900,1580035240,0.5907528712000228
815,1580034967,6051095782,0.6143746473755176
816,1580035042,6051095781,0.3018150000478135
817,1580034899,1580035350,1.2273713099939754
818,1580034900,1580035065,0.3249462098247158
819,1580034527,1580034920,1.3674380576248173
820,1344566974,3249304309,0.3477283811308846
821,1580034875,1580034896,0.06390177196790758
822,1580035042,1580035137,1.0702953917359166
823,1580034773,1580035031,0.4552685683685081
824,1580034879,1580034967,0.2650426018188251
825,1580035688,3994361363,1.1917234850295966
826,444336013,1580034896,0.22343434729805972
827,1580034737,1580035284,1.0005469863157792
828,1580034896,1580034900,0.08413357176326586
829,1580034773,1580035688,1.5146471842636244
830,1344566969,3994361361,0.36977900605318775
831,1580035240,3249304309,0.7244393868398152
832,1580034883,1580034994,0.30942977632849783
833,1344566973,1580034905,0.10157306379275721
834,1580035042,3249304311,0.5045834010691096
835,1580034918,3249304309,1.66884090539623
836,1344566973,1580035350,0.5182083329348876
837,1580034694,1580034744,0.3938358849798705
838,1344566969,1580034896,0.3946181136622264
839,444336014,1580034694,0.9405630516481309
840,1580034694,1580035061,0.8535702332341999
841,1580034737,1580034883,0.24544863396861522
842,1344566974,1580034875,0.17970508639897487
843,1580034773,1580035137,1.1110439597219166
844,1580035061,1580035350,0.41816243198531167
845,1344566969,1580035688,1.2947127843707267
846,1580035061,6051095781,0.29588517112447765
847,3249304309,6051095782,0.10846298757805552
848,444336013,444336014,0.10494582731680262
849,1580034899,1580034900,1.1136402321823033
850,1580034918,6051095782,1.7773038929742857
851,1580034883,1580035042,0.3530289845371177
852,1580035065,3249304309,0.22271905750050203
853,444336014,1580035175,0.45781511480018744
854,444336013,1580034773,0.5143660409474721
855,1344566973,1580035065,0.3498398248113758
856,444336014,1580034879,0.6224417392634811
857,1580034899,1580034994,0.8568397196216997
858,444336009,1580034737,0.037725799202471
859,1580034744,1580034884,0.26910387958650894
860,1580034900,1580035021,0.22521492163369128
861,1580034888,6051095781,0.7882072810381264
862,1580035042,3994361363,0.24797988008376923
863,1580035284,6051095782,0.34721773306685283
864,1344566966,1580035728,1.6003672075966069
865,1344566973,1580034913,0.28183948055425395
866,1344566966,1580034888,0.22926281162441547
867,1580034900,1580035350,0.6273321029328794
868,1344566966,1580035240,0.38311801325389916
869,444336014,3994361363,0.34863109980587725
870,1580034879,1580035688,1.3230642708921039
871,1344566974,1580035240,0.5728648886423837
872,1580034748,1580034879,0.2626528836315301
873,444336014,1580035240,0.3765226205617129
874,1580035042,1580035198,0.3697790060531877
875,1580034945,3249304308,0.46129306800034425
876,444336014,1580034886,0.6700257236571583
877,444336009,1580034888,0.3578849224943341
878,1580034884,1580035198,0.7259034358773298
879,1580034748,1580035042,0.4943168886806346
880,1580034967,1580034994,0.21504690503284785
881,1580035137,3994361363,0.9445353963260115
882,1580034884,1580034920,0.09833417803830817
883,1580034886,1580034899,1.3864114063859694
884,1580034748,1580035031,0.5263385386285179
885,1580034875,1580035350,0.6071003031375212
886,1344566974,1580034748,0.42844328842052914
887,1580034920,1580035031,0.24714027521444348
888,444336009,1580034879,0.3205884884243543
889,1580034905,1580034964,0.2031365648876861
890,1580034900,1580035175,0.5546555994377134
891,1580034964,1580035728,1.680457670718063
892,1580035031,3249304308,0.5967381637707632
893,1344566974,3249304311,0.6050462356439998
894,1580034817,1580035284,1.0551241716313005
895,1580034884,3994361361,0.3059556482074723
896,1580035160,6051095782,0.837788913008138
897,1580034964,3994361361,0.11624128599160395
898,1580034694,1580034879,0.4289807120384803
899,1344566969,1580034905,0.17788243619289873
900,1580035065,6051095782,0.33118204507855753
901,1580035137,1580035284,1.558213879299628
902,1580034879,1580034883,0.17914566857601866
903,1580034913,3994361361,0.28371472559838584
904,444336009,1580034817,0.19091161198397288
905,444336009,1344566966,0.5613131496657837
906,1580034527,3249304308,1.8140208275558702
907,1580034884,1580034905,0.1947720730972622
908,1580034899,3994361361,1.0074340412917293
909,1344566973,1580034817,0.3280722557447907
910,1580034899,1580034964,1.0369703460740343
911,1344566973,1344566974,0.22483050118099318
912,1580034748,1580034967,0.45296491446166787
913,1580035198,3249304309,0.12251345949719336
914,1580034994,1580035021,0.16916508085261012
915,1580034945,1580035175,0.6875751867116752
916,1580034817,1580035728,1.9180601111185487
917,444336014,1580035137,1.1709466114580245
918,1580035137,6051095781,1.37400858730265
919,1580034773,6051095782,0.8629263767894197
920,1580034817,1580034888,0.16697331051036118
921,1344566973,1580034920,0.19294368527248906
922,3249304311,3994361361,0.6968787354288392
923,1580034817,3249304311,1.0736872806556184
924,1580035175,1580035350,0.22676216614231207
925,444336009,3249304308,0.7968548286842685
926,1580034994,3249304309,0.29086475476461415
927,1344566969,1580034879,0.0810601206812466
928,1344566969,1580034773,0.27264303405276696
929,1580034694,1580035021,0.7507559312633281
930,1580035065,3249304308,0.30133782142618076
931,1580034883,6051095781,0.6548439845849312
932,1580034905,3249304308,0.7527507100303139
933,1580035175,3994361361,0.3480114369866027
934,1580034879,1580035160,0.4748921805819858
935,444336013,3994361363,0.2570462738947912
936,444336009,1580035688,1.6436527593164583
937,1580034899,6051095781,1.0678607288688287
938,1580034884,1580035021,0.2873848890248917
939,444336014,6051095782,0.45637975385615787
940,444336009,1580034994,0.4273713099939755
941,1344566974,1580035350,0.42739521673854625
942,1580034879,1580035350,0.716603712239297
943,1344566969,3994361363,0.4254635517772274
944,1344566966,1580034737,0.5235873504633127
945,1580034748,1580034900,0.29050424105648687
946,1580034527,1580034899,2.303275224006197
947,1580034817,1580035021,0.45145209566522904
948,1580034527,1580034737,1.0205598003308693
949,1344566973,1580034886,0.2459793636980865
950,1580034737,1580034817,0.1531858127815019
951,1580034744,1580035198,0.8579155231273847
952,3249304308,3249304311,0.33593661843879397
953,1580034994,1580035240,0.5160012622761133
954,1580034945,3994361363,0.3952482954491121
955,1580034886,3249304308,0.897157009935643
956,1580034744,3249304309,0.7354020636301913
957,1580034945,1580035021,0.358134508907653
958,1580034527,1580035175,1.8384592581259023
959,1580035021,1580035284,0.6987845811060217
960,1344566966,1580034879,0.24072466124142944
961,1580034913,3249304309,0.4239851586929705
962,444336009,1580034875,0.19080259722873016
963,1580034748,1580034773,0.07106997026000975
964,1580035021,3994361363,0.07425530490662026
965,1344566973,3994361363,0.1976351448270586
966,1580034875,3994361363,0.43759670278178886
967,444336013,1344566966,0.40062540043797157
968,1580034879,1580035021,0.32177521922484775
969,1580034883,1580034896,0.13676283553116006
970,444336013,3249304308,0.3349507042926951
971,1580034884,3994361363,0.3616401939315119
972,1580034884,3249304311,0.8607078308932516
973,1580034694,1580034913,0.6709207921738881
974,1580034896,1580034967,0.2465942451684469
975,1580034879,1580034920,0.26558863186482173
976,1580034994,1580035175,0.49860575865663215
977,444336013,1580034883,0.36019718282921975
978,1580035042,1580035175,0.5403067713463322
979,1580034744,6051095781,0.7899515171220104
980,1580034773,1580034879,0.19158291337152036
981,444336009,1580034967,0.4913897468753885
982,1580035061,1580035198,0.3638491771298519
983,1580034945,6051095782,0.491137291652721
984,1580034875,1580035042,0.28016792097386517
985,1580034694,1580034875,0.5674724833369991
986,1580034918,6051095781,1.7233903588880493
987,1580034694,1580034748,0.35332351563022957
988,1580034817,1580034899,1.3842425865185084
989,1580034918,1580035350,1.5567058418521031
990,1580034964,6051095782,0.5794583687950045
991,1580034905,1580034920,0.16876631635316955
992,1580034817,1580034920,0.3175045183747238
993,1344566974,1580035021,0.2209375268950876
994,1580034913,6051095781,0.4785346121847896
995,1580034888,1580035042,0.486392280990313
996,1344566974,1580034744,0.38767368249930667
997,1580034773,1580034918,1.4604257313073163
998,1580034905,1580034967,0.16822028630717298
999,1580034884,3249304309,0.6033899763801364
1000,1580034994,3249304308,0.3694835186902929
1001,444336013,1580034967,0.2658143115335698
1002,444336009,1580034527,1.0171659988716018
1003,1580035350,1580035688,0.8973999024604821
1004,444336009,3994361363,0.6283993000105189
1005,444336009,3994361361,0.5727147542864792
1006,1344566974,6051095782,0.4561913687089401
1007,1580034899,1580035137,1.885434098667916
1008,1580034879,1580034884,0.17605022328899428
1009,1344566969,1580035198,0.9229007487592398
1010,444336013,1580034737,0.5158645156971684
1011,1580034888,1580034900,0.1921279871477341
1012,444336009,1580035137,1.2400495347747507
1013,1580034913,1580035065,0.20126610119246846
1014,1344566974,1580035175,0.5503782046991097
1015,1580034773,1580035042,0.5071978426553699
1016,1344566974,6051095781,0.4022778346227037
1017,1580034884,1580035061,0.3620542587474779
1018,1344566969,1580035042,0.5531217427060521
1019,1580034888,1580035688,1.2857678368221241
1020,1580034913,3249304311,0.6813030132060858
1021,1580034694,1580035728,2.2173639467166475
1022,1580034918,1580034967,1.162929245598768
1023,444336009,1580035240,0.8917225287598137
1024,1580034918,1580035065,1.446121847895728
1025,1580034964,6051095781,0.525544834708768
1026,1344566969,1580034945,0.7003901580713949
1027,1580034748,1580034886,0.32556204756485896
1028,1344566974,1580034994,0.05686362636627045
1029,1580034879,1580035198,0.8934677211134805
1030,1580034967,1580035061,0.26457594216480357
1031,444336014,3249304309,0.34791676627810236
1032,1580034527,1580035065,1.5126830061296894
1033,1580034737,1580035065,0.5390731833264799
1034,1344566966,1580034967,0.1348110889044017
1035,1580034748,1580034888,0.29994931770150995
1036,1580035031,1580035175,0.2713511135761621
1037,1580034945,1580034964,0.36910005450737765
1038,444336009,1580034884,0.26675910607900705
1039,1580035042,1580035065,0.024546489055492334
1040,1580035160,3249304309,0.7293259254300825
1041,1580034744,1580035240,0.874556529888212
1042,1580034737,1580034899,1.3296654012029872
1043,1580035160,3994361361,0.28786684899543863
1044,1580034967,1580035284,0.7446664052862594
1045,444336013,1580034964,0.23089803295305672
1046,444336009,1580034694,0.37083950924234743
1047,1580034905,1580035042,0.4268663995486407
1048,1580034884,1580034945,0.5033928451894849
1049,444336009,1580035175,0.8556252569975041
1050,1344566969,1580034886,0.018150956747917724
1051,444336014,1580035198,0.4704302257752957
1052,1344566966,1580035021,0.1915437063104243
1053,1580034737,1580035350,0.8414590764346437
1054,1580034967,1580035042,0.2586461132414677
1055,1580034918,1580035240,1.4112361699482656
1056,1580035688,3249304308,1.5549883813221386
1057,1580034744,1580035065,0.5126830061296893
1058,1580035061,1580035240,0.5636321038891492
1059,1580034896,3994361363,0.378945808191407
1060,1580034744,1580034896,0.2718703680682394
1061,1580035350,3249304309,0.5789697149359777
1062,1580034527,1580034967,1.4937345203828905
1063,1580034967,3994361361,0.08132500741109082
1064,444336009,1580035061,0.4769003471259312
1065,444336013,1580034748,0.5360743212875215
1066,1580034694,1580034896,0.6313742553049067
1067,444336009,1580034918,1.5894313063601504
1068,1580035042,1580035688,1.3096325055224578
1069,1580034817,3994361363,0.5257074005718493
1070,1580034883,1580035728,1.8732674782209555
1071,1580034744,1580035137,1.222883535903149
1072,1580034748,3249304309,0.7415824352366289
1073,1580034875,1580035728,1.946128541784208
1074,1580034920,1580035042,0.265615407418741
1075,1344566969,1580035240,0.542782553814082
1076,1580034694,1580034945,0.9949088196762069
1077,1580034900,6051095782,0.6561282549032734
1078,1580034879,1580035284,1.0097090071050845
1079,1580034905,6051095781,0.7286813995964543
1080,1344566969,1580035350,0.6882522257179196
1081,444336014,1580035688,1.1284528511183574
1082,1580034920,3249304308,0.5914997179004142
1083,1344566973,1580035728,1.5899878553737579
1084,1580034886,1580035240,0.5609335105619997
1085,1580034888,1580034994,0.44279307278169316
1086,1580034884,1580035175,0.6168255668289137
1087,1580034773,1580035175,0.7266196819446702
1088,1580034883,1580035284,0.8390492765819094
1089,1580034896,3994361361,0.3232612624673673
1090,1580034896,1580035728,1.8921356373059965
1091,1580035021,3249304308,0.5386485995429031
1092,1344566966,1580034918,1.0281181566943665
1093,1580034883,3994361363,0.36473563921853636
1094,1580034900,1580034967,0.16246067340518106
1095,1344566973,1580035031,0.06529027569257839
1096,1580034875,1580035688,1.4808095779981447
1097,1344566974,1580035688,1.3247951191990284
1098,1344566966,1580034886,0.17781549730810056
1099,1580034883,3994361361,0.3090510934944967
1100,1580034773,1580034888,0.22887934744150018
1101,1580034920,1580035284,0.7516356994635328
1102,1580034875,1580034900,0.13812647624147728
1103,1580034888,1580035240,0.5338376062654796
1104,1580034773,1580034913,0.33047823051839387
1105,1580034886,1580035137,0.8565518824170675
1106,1344566969,1580034920,0.3466487525460683
1107,1580034994,1580035137,1.0285943790462166
1108,1580034773,6051095781,0.8090128427031833
1109,1580034900,1580035042,0.30039972076922344
1110,1580035137,3249304311,1.576776988323946
1111,1580034744,1580035061,0.49406634599753285
1112,1344566974,3249304308,0.42634714505656335
1113,1580035031,1580035688,1.0593786158951162
1114,444336009,1580035284,0.9569908102473871
1115,6051095781,6051095782,0.053913534086236406
1116,1580034918,1580035728,1.4239344763944803
1117,1580034875,1580035284,0.7661882130186569
1118,3249304309,6051095781,0.05454945349181911
1119,1580035160,1580035198,0.7923699234027903
1120,1580034748,6051095782,0.8500454228146845
1121,1580034773,3249304308,0.8330821531370429
1122,1580034748,1580035021,0.515719162690178
1123,1344566973,1580034994,0.28169412754726364
1124,1580034967,1580035240,0.42829219779484184
1125,1580034884,1580035137,1.0381781148097502
1126,1580034884,1580035284,0.8421447218689337
1127,1580035137,1580035350,1.2073240702667036
1128,1580034967,1580035065,0.28319260229696
1129,1580034900,1580034945,0.44766813613456635
1130,1344566969,1580035728,1.76003174815679
1131,1580034744,1580034945,0.6354049324395399
1132,1580034888,3249304309,0.7336578275463074
1133,1580034967,1580035198,0.6284251192946554
1134,1344566966,3249304308,0.7193415126275424
1135,1580034920,1580035021,0.18905071098658352
1136,1580034967,1580035160,0.3320503380413682
1137,1580034886,1580034913,0.4160136937832901
1138,1344566974,1580034900,0.19993688619433314
1139,1580034964,1580035240,0.463208476375355
1140,1344566966,1580034817,0.37040153768181083
1141,444336014,1580034888,0.5851453051935013
1142,1580034748,1580035284,0.9803371807254263
1143,444336014,1580035031,0.36960687749227816
1144,1580034896,1580035160,0.578644583209815
1145,1580034888,1580034899,1.3015309879223125
1146,1580034883,1580035065,0.37757547359261
1147,1580034875,1580035065,0.3047144100293575
1148,1580034527,1580034817,1.1737456131123714
1149,1580035061,1580035160,0.48609201227850396
1150,1580035065,6051095781,0.27726851099232114
1151,1580035031,1580035065,0.2954003423445823
1152,444336013,1580035160,0.4892285771661901
1153,1580035240,6051095781,0.7789888403316343
1154,1580035031,3994361361,0.07666032341044056
1155,1580034886,1580034896,0.37646715691430865
1156,1580034879,1580034896,0.3135579929809798
1157,1580035240,1580035728,1.217249194342708
1158,1580034886,3249304309,0.8185382460099642
1159,1580034527,1580035198,1.8579155231273847
1160,1580035065,1580035284,0.46147380298929935
1161,1580034884,1580034967,0.22463064079638148
1162,1580034883,1580034964,0.19280980750289273
1163,1580035031,1580035061,0.27678368221242583
1164,1580035061,1580035065,0.018616660132156484
1165,1580034900,1580034920,0.03616421064710776
1166,1580035160,6051095781,0.7838753789219015
1167,1580034886,1580034945,0.7185411148193127
1168,1580034945,1580035031,0.416224073135513
1169,3994361361,6051095782,0.5499220640126993
1170,1580034527,1580034879,1.3034224895527526
1171,1580034886,1580034964,0.34754286479301544
1172,1580035240,1580035284,0.5798867776577128
1173,1580034817,1580034884,0.2191703403364157
1174,1580034694,1580034905,0.5258030275501325
1175,1580034896,1580035137,1.0601417191818157
1176,1580035284,3249304308,0.31737350941447606
1177,1344566974,1580034879,0.4232258804854025
1178,1580034748,1580034896,0.278050739674677
1179,1580034875,1580034920,0.17429068688858504
1180,1580034899,1580035728,2.590090176240521
1181,1580034527,1580034900,1.3312738469777095
1182,1580035065,1580035240,0.5822487640213057
1183,1580034744,1580034883,0.26600843429948456
1184,1344566974,1580035031,0.27902709112294755
1185,1580034896,1580034964,0.21167796658793378
1186,1580034875,1580034884,0.07595650885027685
1187,1344566973,1580034967,0.06664722251441577
1188,3994361361,3994361363,0.055684545724039664
1189,1580034994,1580035198,0.41337821426180754
1190,1580034888,1580035021,0.2844787851548679
1191,1580034773,1580035021,0.44464919243016837
1192,1580034879,1580035065,0.5482352041157851
1193,444336013,1344566969,0.5602899409981544
1194,1580034527,3994361361,1.5750595277939812
1195,1580034913,1580035042,0.17671961213697612
1196,444336014,1344566974,0.19921585877807846
1197,1580034817,1580034994,0.525504671377889
1198,1580034888,3994361361,0.3030495443374485
1199,1580034896,3249304309,0.46353169556195195
1200,1344566974,1580034737,0.408233482830176
1201,1344566966,6051095782,0.7491857362799192
1202,1344566966,1580034527,1.5438899142226004
1203,1580034913,1580035021,0.2779465062683484
1204,1580034773,1580034920,0.2555984814435849
1205,1344566966,1580035061,0.39938703106920526
1206,1580034527,1580034884,1.269103879586509
1207,1580034773,1580035728,1.9799661480496877
1208,1344566969,1580035065,0.5776682317615444
1209,1580034875,3249304311,0.7847513220429748
1210,1580035728,3249304308,2.020307345108202
1211,1580034905,1580035728,1.691560919166515
1212,1580034896,1580035042,0.2162661490059576
1213,1580034888,1580034913,0.3158080957799814
1214,1580034886,1580034918,1.2059336540024672
1215,1580035137,1580035240,1.061854398362866
1216,1344566966,1580034905,0.16973693018274316
1217,1580034945,1580035240,0.7049706903311563
1218,1580035240,3994361363,0.4397932544729519
1219,1580034920,3249304311,0.7701988084878507
1220,1344566966,1580034920,0.261107551662475
1221,1580034896,1580035031,0.36743805762481707
1222,1344566969,1580034888,0.11835655475122642
1223,1580034817,6051095782,0.9248324137205586
1224,444336014,1580034905,0.5256194237518289
1225,1344566966,1580034964,0.16972736748491482
1226,1580034875,1580035021,0.36334139787516856
1227,1580034905,1580035284,0.9128866915934325
1228,1580034879,1580034905,0.09682231551165214
1229,1580034773,3249304311,1.0117812437244795
1230,1580034900,3249304309,0.5476652673252178
1231,1344566969,1580035061,0.5590515716293879
1232,1344566966,3249304311,0.898040603214979
1233,1580034875,3249304309,0.5274334675298595
1234,1580034994,1580035065,0.06814569726411215
1235,1580035240,3249304308,0.8030581507654939
1236,1580034748,3249304311,0.9989002897497442
1237,444336009,1580034773,0.1290055750528339
1238,1580034905,1580035350,0.6197813967276448
1239,1580035042,6051095782,0.35572853413404987
1240,1344566966,1344566969,0.15966454056018284
1241,1580034918,1580035021,1.2196618630047908
1242,1580034886,1580034994,0.5276734912453501
1243,1580034945,1580035688,1.4569009208878008
1244,1580034694,1580035198,1.2174194103640517
1245,1580034900,1580034913,0.12368010863224732
1246,1580034527,6051095782,1.843865051208247
1247,1580034884,1580035350,0.683056811987798
1248,1580034737,1580035021,0.5359289682805313
1249,1580034886,1580035350,0.7064031824658372
1250,1580034773,1580035160,0.6664750939535061
1251,1580035240,3994361361,0.3841087087489123
1252,1580034817,1580035061,0.5750337085098446
1253,1580034884,1580034900,0.06216996739120041
1254,1580034694,1580035350,1.1455844242777773
1255,1580034875,1580035198,0.6499469270270529
1256,1580034527,1580035031,1.5671081445497403
1257,1580034918,1580035688,0.9586155126084169
1258,1580035160,3249304311,0.9271743184187122
1259,444336014,1580034899,0.9157899266541076
1260,1580034913,1580035160,0.5472425960812064
1261,1580034737,1580035728,2.0712459239000505
1262,3249304311,6051095782,0.3657808420911708
1263,1580034744,1580035175,0.8384592581259024
1264,444336013,1580034900,0.3075679190613256
1265,1580035061,3249304309,0.24133571763265851
1266,1344566973,1580034748,0.4610482629359395
1267,444336013,1580035350,0.335998775974678
1268,1580034875,1580034888,0.21471029806929132
1269,1580034967,1580035137,0.8135474740133687
1270,1580034920,1580034967,0.1262964627580733
1271,1580034883,1580034918,1.3906553316821744
1272,1580035065,1580035350,0.4367790921174682
1273,444336013,3994361361,0.2013617281707515
1274,1580035021,1580035042,0.21276428906122996
1275,1580034748,1580034918,1.531495701567326
1276,1580034773,1580034884,0.1572643034052767
1277,1580034879,1580034913,0.35310452984996127
1278,1344566974,1580034886,0.47080986487907966
1279,444336014,1580034748,0.6276591471986076
1280,1580035240,1580035688,0.7519302305566445
1281,1580034694,3249304311,1.3522238053799736
1282,1344566973,1580034879,0.19839537930440934
1283,1344566969,1580034964,0.32939190804509766
1284,1580035021,1580035198,0.5825432951144177
1285,1580034817,1580035065,0.593650368642001
1286,444336009,1580034964,0.4564734682948754
1287,3994361361,6051095781,0.4960085299264628
1288,1580034913,1580034920,0.08889579528176489
1289,1580034879,1580035175,0.5350367685731499
1290,1580034920,1580034945,0.4128838227840839
1291,1580034879,1580034886,0.06290916393332888
1292,1580034737,1580035240,0.8539967295573426
1293,1580034896,1580034905,0.21673567746932765
1294,1580034899,1580034913,0.9899601235500559
1295,444336014,1580035021,0.31151731326441817
1296,1580034527,1580035688,2.6264867604448563
1297,444336013,1580034879,0.5308569133523949
1298,1344566974,1580035728,1.7901140829850917
1299,1344566966,1580035065,0.4180036912013617
1300,1580034737,1580034918,1.5517055071576795
1301,444336013,1580034920,0.27278360571084315
1302,444336014,1580035065,0.12519770877760034
1303,1580034694,1580035160,0.9038728926204662
1304,1580034875,1580034945,0.4274363363392081
1305,1580035021,1580035061,0.2186941179845658
1306,1580034896,1580034945,0.3635345643713005
1307,1344566974,1580034883,0.25256614996222737
1308,1580034875,1580034886,0.31491589607260007
1309,1344566974,1580035042,0.10046283457489026
1310,1580034913,1580034994,0.13312040392835628
1311,1580034883,1580035137,1.0412735600967746
1312,1580035021,1580035728,1.5827871439090395
1313,1580034694,1580035284,1.3336606963556557
1314,1580034884,1580034913,0.1794048176871659
1315,1580034888,1580035198,0.8561712870435008
1316,1580034773,1580034905,0.2884052288831725
1317,444336009,6051095781,0.7727855182504089
1318,1344566973,3249304311,0.8298767368249932
1319,1580034905,1580035160,0.37806986507033363
1320,1344566974,1580034694,0.7413471928700525
1321,1344566974,1580034945,0.24773124994023316
1322,1580035042,1580035350,0.41223260306197584
1323,1580034817,1580034918,1.3985196943761773
1324,1580034527,1580034918,2.5722653074885486
1325,1580034888,1580034896,0.27626155891099996
